排序,标题,热度,链接
1.,扎根中国大地赓续中华文脉厚植学术根基,,/l?e=731ae7%2FdSB7YKsPdzhAzUG5%2BB7NWz7vEk%2BX0QXCbkNe2MywwGws5Bf4aUXDO6z2FDf9dT6X4mpF8FExxLjMWJ5Un4z40tGVyuDrmeffALI8zqF%2Bp9rFwrVGDnSweJQxS%2FrZiJ7pjmGIhdlBBhLUYKBClQFEGmXElWxAB4pq32NJeM8TIsM%2B0BnyKTmELP9odEep7PccF3Tlfjww2pvRaiBE6LHRp%2FCl6r9eejoS9%2F%2Frng101huvKZuyreP7e3xgZFACvSk0jyI%2FlZkgokC16isDOuOzG8ziOPeeyf57i0%2B5EhSOU4f0%2BFtVsmpZ0%2BckUIafJUX05nP9Q6%2FYDr2xnqvtHrsd%2F2xcf%2BA%2BYiPCaT6AO48yo3L38BWiucTEXy1oZ%2B0K9hrdU1Ochctf%2F9j8XNUxf4TA%2FMSlbINILS4F11mW9yRBJve03sFA4dyXYgZye6QM6LC2lE6ZE24OPlrswqwLGDUWdoO9BubhWUifkT6f1
2.,外交部回应优衣库不用新疆棉,299.0万,/l?e=1e010s8%2BpLHFhvRgznAl%2B%2Buk0IYofppq5vw8nB7FS6iXK3I%2BU1LDIWs4Tm4dL3HT5ryBYCJEpIqF8yyQDhtMBDoe9ltXwLjel9bsEcNwJVS6MibntRJZKWgv2knd6bxcvAFyE1LnNeNEDpVbswwcPtYH07Apni%2Bs38jUfmOQiWg8J3Ng4CHUPwiQ1Yu6%2BLEBoWzzrRcUtRNg%2F3%2B%2FyrfWDnw02M1B6Rhihk4OJrrGQ8%2Bk1ct8vrRbI46xgfRMMVAQdFDx5xImieWvW%2B3RRZ%2BsRbbDmLX%2FKNtfVCduOCoVoDkur7g1s4Kpln3cJ8lVc47TWnuZGUmhvvqG%2FHKVNp0P0gAdd%2FhXQYmJaE9xYpo%2BCXC%2B71M1pcB%2FXV96d3d%2BqMXzpTZ3kF0y
3.,春晚官博回复檀健次春晚相关,晚会 888700,/l?e=49c7KTLLe4yBn3Y8xSP3%2BgZ5hoAC1GOj6vy2jocUOp%2FZkv5EwYpoKB%2B3d2kohh6XTIPpqbpHZ3m6kY6Oz7zKH3M3cGlbC0RxDtkI7wkocOrd51upRp%2FrJnqdqjAd3283ezjr1sqB%2Fs4k0TIRyYN1WcDOyNpecND3d4PHJK1l1TParQ1WM9YNMSx4a41CJIUaUrqqZeYYu9ImGdA%2B6D3IoZ6a1HgoeC9sDVufXwDAxF9xbOevP8c4PoyqIV1ChNu%2BXiWbQhNYyPJVaQ177N8itSa1SofY%2BtnBf6W%2FKEmgtUa5YwHMnDCDVFAkXLGRJLaBYkU543tQ0zG0wuPbCBsBbwCaZT0qs7i3NyS%2BFrqEnXqxTExVqWlExwlNJJ0RKNoDDuwapYye
4.,43位志愿军烈士遗骸今日安葬,81.3万,/l?e=20fdii2N6Z1vCGyHYxRSgcffiDgEAsVVbSp2fE7LvsYYqX5vYedgPy5ZkrESY07WZFJMN9jffGoe4onVzP%2BJEsBrSFlytMfL%2FosSDIIf7wzAmz2vrDd3LxAw%2BXjLXcG17V3IYHNfiTuh794Fa9dlU6c%2F9Ppd5CM8KTk9y1lqOe2URONE1hKktjz4dYrvMZp2zSOeKGmeyoPdrEOk9nyK4N%2FvYNKOd8CxNEukHFYO6pOi29X6azxLIoJ3wFw3RgI%2FmciL7G1gD8fJhVybhcpF%2B4wWkA4qftZ4wEAoajVKa6n%2BQ7%2F3DVZdvNplz%2FtM%2B3bNCpLzWGJQsWN5qPfi1vRqJ%2Bb3itER7b2Fq%2BCrA6vBk6ng30ol%2FJI35Kk
5.,韩安冉称do脸模板是赵露思,76.2万,/l?e=d2bfd0l3IGF5yTQx3AJWSXnijNwBKrxxVtyFoUwiqNCNpLaNktkFZLr1Ma2HptmU5XG1fDSzkQNA%2BCPVvB%2F2vrGI5A5znaXLsDgrp4RUnoJFtmD9TvZmm7Jfpyu5N%2B6zK7Z5CtsNLQssVCfyRlYL0vVjJ6XIkDfhNVFegFge9zW8F2%2FFQFw2zBzTrrNxFOiddZ%2BF%2F2wFk7nx0TOvGI3EVNCVHsOHavwTnKD0kcJ4H3RehlvfSQmQ1TCu6mr7sb3xzaXWAmQ6VONmQbFjK%2B%2BxPjARoxNSMOO5MpLS%2FTP15KjSAu1gZWXkuNV%2FwK8ZgH1VIxl%2F2sZb2RVO4g%2BFh6YQ2UIwlLsWtsXZgTg
6.,巴黎世家售出8天后要顾客补1147元,66.9万,/l?e=851eCXWEvx5yX5hffGGOIXXXQ4aaFcx68y4vLa8KFm6NrG92LqtOQZTqCIhKWonhtTUrBNV5Xe6voVc%2BdeGXHOm%2BHy8t477Xke2zIpdW5K0ycyBU74HfhHjpUqR4zQJw39m8QNF2SUAxWy5qfsI32sNkJT%2Fg7%2FNMeDrI3pCxzVawHptm2qAw3BrGZ2Tv6Vx%2Fjg3Z%2F8h8vy5B28lgNoWJu%2Fjn86to8iBqkPrAtS3Y%2Bn%2FgOu5hOpGr%2FerMX71cTrAJxaWD8XFuXG61HX9Q5X9vBQamFJk5f1dMkXLBwW%2B7eEvDhCZ1UsusjhNbYDM%2Fg6QKZVrJ3PuLamh%2FWk7LDeUyUBQDJrhrR8CTIRdWdiJgYn9mbhfpKwTeuGcy8NmvBSQCFVbEC858TykOqnU
7.,印政府还在用被封杀4年的中国APP,41.4万,/l?e=8b4fYHxyYkRBkO89ctmk2AA5siYO4xQGlgYBAkFNnmyJKgb8dx6Zd3DCfo2n1TkBA5a9%2BDNd5iJw5bmEfuyMEvzhmwfEL6ZJB%2BQPzVHQzCodC92E5R0qGNMTobscLF60okSKXODps0V9kYqYLE%2B3XD7%2BEdx8pKM23nVex8lznn%2FkKu1KgSR7bExk77PfrS2HB6VBuwz4bQ2rb%2BKt%2BXXW62H77ogakCnnN6nqU%2FJtQV7anU5v%2BL5ZSZG5PJ91f6CS9u9eI%2FX9ByFmBt1lvoLk3PvB0oFE45jOW1cNQNmju0T%2FC3aoHY%2B1YUpwPmvwPuPBS5fSs%2F6OULB4S4reuT7mhJzSFLbnYy96C4tLugmXDzDcS6cdJG9jRYrDBJD4qR0eDlcVKKrcU2fcEg
8.,星动剪刀手养成日记,,/l?e=44069Fic%2Bpopu8%2BWPxjX%2BKcGhn8KpDO%2BJANB%2FbQKhskhRuOQs9yOlCIZ6pLD9sVNO2oBGC6I4oG7yG0thihvK68wUSQ3qMhbl7J0NPaxToUNXQAkEnEUVk3UcNlOtpRMC6HLji87A%2BhQXUsGIKEPw%2FvdXBLIRuD%2BtGXczSsb23wsFdat%2F9wgIFHNnvDn2docoU%2BBByHagwN6dkO7SnfunLzuOlBd4m3M8VMhS14VnwmjNnzomLliLXSl8sQvZn%2Fq2n444yWj1mTJj%2FP7BvnmJrLZkM8WHAOwiUuOBEbIOso2D5WAr5aJER%2B7
9.,鹿晗回应喝多了,41.3万,/l?e=ed95XOBhBnnetWrSEDaSpC4OpR8xw5b8yahwd1gC3N6D1TLW6GaMXzK215Hlz6t8COcWjSSYWzhewR9%2B2NPmu%2FPXHSZp0qoE%2B4lAVK3ctTwkGWEbJ5%2FV8ETIbe5%2BrbqsBrTf4t85hwHKtmfU%2FKy2t%2F47tiv44N8dCc8wY7A6IrcH3QmliETzF%2BEB5H4a5MKgJM7%2B6wPRGJck8veyLLYNbrQESbldd1RqjvYi1lRgy9ztEHbR4BFej98yEnZ5seUark6PAZBmPI16S%2BHw
10.,蛇年春晚标识有什么寓意,综艺 411590,/l?e=ce866MSLYlO8bDABn70tY4y7FBpnTdE97FXf8tUm344f2nuSBgKMYPrhUL3BT0KhVi%2F93uEQ%2BY%2FI2s6aBupwBVSZjRdD%2FgxevAZDTUY%2F6FtBjZp0mF6HsdBiB%2BtGpHFGWJvGN1UfRsWq%2FgC3sW0igpFgPULF0AWK4krADNxgXJp0vAzsyNxqgPHxNULUxyj1wpLNZs2FN0GEU3QwiYTAMcs22DmU4MCsp0wD9WbMTMLXlSY8QJjYxkN%2BddE%2FIGyQhPkHBnNfTA2sG8P8dlPY8AuheYOLM22xMHgdU%2Fn5dNPVPsCgMKMbgYkMGR8J4lq94QXPTDTgF%2Baz%2BLAcCIG07P6Zfni4kE7b
11.,A股三大指数11月收红,40.9万,/l?e=f9a56YjdYdSt0kkRtMRT4qqKqtbhDo2zhHTgpoai0Vy3GgbCXnN40UHj99LgYyHEpe7f4ogbmyKvt0VHicTaFBIznkeOtsF79Qu7lhbQd9h%2Fl0gSZDSD0Wjtn7pGhCc7fO6aa2se99WuBDIgrPrGY7X4ldEfRr6wr1ceCKgJ5sB5f1qY6rM1SS07f2A4RDzBgn9PbL2Ndw13%2BN6Fs3Nx3U3Ww%2Bz643vfzzJ5w4LwISm3FRdxX7lb1PRcJ0Xbme%2BY3phwFKOkVX9S7zJoWwwNzpr1QQ5d%2FscCOczWUuNd
12.,韩国人的精致穷,40.6万,/l?e=bcf690OWg2cTQCllI0Z5UsNJQEtxJWnJoPOcNfyjRW37NcDtBsfHqBYtTrIg5o0KhespgdQRyVEkjMhBGglxbj2ewdvywEp1IGdwAxAQkRl9O2MwMdfaH41scY1iVVeExYvKRFR20ciDH70WkNoX%2Bxi2Tc0rip1KX2h7KUqhyUaLlxvq%2BbA770lb3nP3BRltIIJLyoNadIftM3gjPQahHXg4NBbh3bGjJoLD3ueYh65kfIH1qkPSRELBEYGgiH2SqJ1Upzj7%2BSpiAW6U
13.,17名男女KTV聚众吸毒被一锅端,39.7万,/l?e=ae90VCL676u69waDa55qaNMgnbqirhGn6XymoP3efPimzc2L%2F3zRJYWxbK8o5BMDUlU0FEyvWUrkWQiEEMrpGfhAPsTKHZhju23OMfe1zxc%2BzyK1AjmtyRB%2BmnH3XnYoHZCwZYTmcZlDW8gwYydf%2FJgQMCmzI4cp6%2Bcn5QFrhNLVAfdc6osBvv3%2B8RDWXmNVRAPGXcGAMOeB8UQD3U6OViFNpgTH5qmw1YAB86iiZuPZy8k4wnayZkv2jNLiZrl%2FPtAcurBAJGM4UciSC3vmf8P%2BYYIZdz%2B3rihs9inzyeYH80kWGs8LqWRgKu%2BFT5UvfWGqfJCgAtISf8ukPJMUl85n6PZB9BoLxsZMXCU
14.,鹿晗好拽,37.6万,/l?e=2a2ersjc16DGTb0imaPNRprl3e0%2FVQmqfXDhcsH9XlCP1x6RhtsBIxBf6y687S4Pj8UWxlM8553eSpos2zDIQU8PDvM0o%2Fe6J8gi9B5K08bMLZyfcXm1MbTzp%2F8u1Wp6R8epj47fRXK8Vokhk%2BdVfIQvyGqC4relBgVuf1pZNzqxru%2B8DNDftZETFU7MZ83QA2Cv1s0nzjsQuUWmzQHD
15.,再见爱人4第七期视频没了,综艺 334653,/l?e=7cb7ulXKD5OJ3GFiCKi1YqGkfUKxjlUPulhsb3aubUcKwI0LSBhaLVhrjDb6iXWuJ2pMOGzQ2X4%2FBmaArr44sz51QDk6DbBSYZaf3YOQjSNND7E4AdERx1z0ap9LObHvyvD%2F76AQFuM5JZBjfqxAlRsT4sbfDhVbRtPe0na7uP24YOeSHvT%2BHBca2js3AtqnSoQce753xFWVbQhAjBm2cT%2B5cgWJGBj5VGN7Oj1%2BRCIfHxDapjh%2FlyMsJIvz2bCb90Qp0TIB%2Fk2nDUAJ5HbpvuPLyXpnqQqu%2F1dhHCitE53AfmjU7H0N2WIBcfkGq1MtMZLrzWdlIfX0VprjZFCUdX7%2Bq%2F5EsMlhVw
16.,导致胃癌的6个高危因素,33.2万,/l?e=753e%2F8FShp5dJG%2F5CJLCuoPaq%2BPmeh6DMH%2F%2F9f9rjtjbCdxy8hYvvyAg9ujn%2FxHo08ThgTJcco7R8JrANCcK%2BSUyrlQxkqrur5P5QuO4RMgX6%2BcFxo8fEzRdKGa7%2BUzZ1F%2BJQQB0h%2FOI2FZ0QIbPZj3k4ehH1n%2BxCPOX0FrzGui7qhSh11trRfpTm49w3973myG0SC2nkyhrPne6opH83OeYK%2FS%2Fhcaj2PeGFSBiftKuPNnDlZpjRk9Ev5WjJX%2Bl2NpsMrSm2eL5BelxFBdownOfaqG0yKBDlQPRiSN8HXPMN1%2BFty%2FGi8oliCmNTj%2Fm3NRBbmeFvjKByg
17.,黄雅琼回应郑思维退出国际赛场,30.2万,/l?e=a7e7tO3OJpJfjeMX2FQe4vRQ6POdc5A9JuiCJwx7%2F7m0qkHJZdy20EgyEi62yR%2F7vZZMTho5UvW9S%2BKm18ptlrcppR2dqtnyum8JQXmPJu9Jv407A9MzPZvtVJ866kc3RMXMNzGyd74KqGuSle6j5KmYcJDWPTAaVPWo9I5Y8WeWrd0us7%2BIXlywNAQofbrEU%2BvNryPdeoY0EvTADhsBGRZPTO%2BSgd093BEm4GA5KjFgZjclbSa5VV%2BusSasU3PM7fmbIw7lxCL9CR4r0yQSTFoc0ARRcPMMuu0cTvLb2y%2Fdkx4weWxJlYi4CGSkFBujJlQit2ucCO3fHICKLeLdcEncPSZk7wUO0XAqEcmCbKmA1l%2B268BMVKUqP0ZwWzeII89Hw%2FbS8Qwp945cZTdgoGOHMTlZ
18.,美国女子抱婴儿袭警母女都被射杀,23.6万,/l?e=cc89KXc8OEtLrIMfbkMnuxdy8Ks6GpmAgReb4J3bKX7BYpUp0xcmvig9ixJ2r5jrAiYuhvJwIPe7W0%2FsjwiRCQVCAtFtR3mP9hQyinplPTSDxoJgahBgrEWKN7NM5zZjojaEgVD0mQhKTnIA2o7m22a%2BXGANYQNDrjCqPTo2ao9iJu6L%2Bet%2B14P%2BOIvNxA4OyS1hWE97%2F1Ei1FKvY3%2Fna6SDs3Vvn9Fgl9vobzXUnZyOtEoh%2FTtZCSasZlzSr%2FRjbSfQsMTaV%2B6K%2FTcNZsELVHFt1YhDQvkMsrpdMIx2jRGnCQh3ZMOfhBV4CBxv0jF6RS09jwNMHDU3%2FqrhWkLgIQSk0WBvYdogtIw27sZYXTclGN5%2BopWQMO9WWI9qxxDe%2B1F63L2tCInIVf4bw%2FgTlebBaVwwJQx1ojRbZLTrX6CJData
19.,官方公布冷藏车厢内8人窒息死亡详情,23.2万,/l?e=1890WEYVgMIKBAZ51AQEErx%2F6p3CZ9hB5ZaoxmIVSlxP1Zm5io9bTUCObuUV2FlJARU5%2B%2FHcg90lwrPILQ2VPiuggFpNIct7HCtdPoXFNPicO0zSu6RCn49Zv0xa8QI%2BRHIiKryc2vvyg84yd9nl6YIKTKJqcd%2BhFvjxGZtacblcQg8a3ZDTTTConc55DIp1hMOOAycJzHl6Vc%2FzAO34LpUdGZ5cJhpJu1y38w%2Bd9vKVm43jzA2lfE5oPSz%2FZ%2BkUAuCvsk9UAwxo4QAmcsD7oXJvW1QiR6N1ANnM6xx6EqYpHJ%2Fd%2BmqqluOi78kHS9eye5jkKettR5hei9i1HvzYNPZCKR%2Fe4%2BqbpyhGzM8MbVUIbSr6648vzsWE5fIjAibPRHnquTDuQVIXSg8RYToC8vTlqP%2FPByvAhy%2Ftu9Rh%2FQUoFuZxPwD87Q3i4mFMTyPuK0fbjA
20.,蛇年春晚看九命相柳,晚会 229738,/l?e=c238JaMLcZ777WrBce0Iis4e21FEK%2BzWpV4l5hRBBJInKbR0k5CWW3yp0iIqfBuRwzEasGjx0dON6drFMDucX6xhivTtxaBj3zxpRisGgLUixDPBTTPb5q1eKjq5l82MrrtM2J2zt0zVkCxTyyKMbFv024KPW7I7YLbLPYw3oJJgXpMserIixiKbPO%2BikO1XAj4EBD%2BNAQmBUJL%2FqqQ4OSvgx8uiZsaIXsWsweU7bgkbJEdxpml13naeQsuU63uKNzMzOXZB%2B1dUfs19ylL2jEYUBkI6dFZ5WrHDZz6hz1XdOHs9fYdflm9X
21.,张婧仪眉骨阴影,22.3万,/l?e=5854vEKxvMxqMZ0TIE9JA%2Bg0Gs1Tn0HKPlIMvojwDtP2Gi16uRdmvyHDBHjYE%2BSm2aIux4njgX%2Fp9cmnyI1kjFl1JHj3lF3480ODxGMfXtnOaY6M2q3N6QkZXyapM9mpKJi%2F5NjnMB7PJ2wL7EBTStdfeo2ek9VQxepYWSsSYrQmDfWuTEahfQ3esPiDZWLx%2F47E%2FuUUzZgXmPgWUf74n5gwJzwR4owMOsCnhy41%2FWmyVBUUXOTJVQySf60rsYcouocsVPVvwYsei%2FUh
22.,打游戏一直稳是什么体验,22.1万,/l?e=5bebHkuzu1w59zpCCwtz%2FFcL%2FXuYMVUnAA8xZh3BSpFW6b4rOeBK28Gc%2FqPmP0zKdX0%2FSB9DclVLDEtSUawg5G9hsCODoP46qo0rPgGrDCmzXL9wFkZMgxNDvEXZjFV4w3ZZ0g6m7AaxS6n5ZY0uVZEiRz2so2NctBRaKZPMsH0V6VbtPtm8k7k8r3OmmgPLnZd3QlsMk2ard%2B%2FFMmf7vdZ7H1VR%2ByYsIoqltP5VgeKiqDFnHtIBlcGoAdJq6PdlU2LDM37d8GFbNydlHL9MDVacJF7XiVYswO2VZthI0QUkoc32aW7fUMqUr7dfjFpqnNYRF3zs0z6OXLcRCRFAoS6fE7u0PSmF
23.,中国游客在马尔代夫潜水遭鲨鱼咬头,21.5万,/l?e=1b5cbQsxbuwgUu5XElWSHmX7RxWJZ8BK%2FFqACcJgAUkUL%2Be0F4KdfxgiEhAK9qom9LktsGXBRBXgIgU7Tf2o9C3u1rqvi2b3V1xTOQo129FauS4Mw5h%2BpRYKZRYeZUGH9zi5M1hPOkX9%2BqfuxoKDXCYW6QkJEOhGcfTjopdUwacNQ8kQ4SfeKDH5NbGfHvlrDM5uJKgIAE%2BtHU4lxFRK3l7%2FggPMSQevh0WmCdmoEHstQneH8IUdEEIsp7k1UNZrOqDF0xK3XuRQL8rjhOur%2F8SG3vPJ2rL%2BQ5Q4ti1cQUi8r24xa6N0YHqZhen%2FgAmW07WzRs0a%2BlmK90YSnH%2FV6n4%2F9BaTWFFKeMRoVmA%2FIAQ4DqBAqSJpuavUNd48ZRGPtRhl2tXH9Fm9wJk4ONTbHJKiieV9wUgqG13c%2FIjNO3ZAA8tBcX4SYOxEOECL%2BfxkSrVE
24.,周密把周芯竹买话筒的钱转给她了,20.9万,/l?e=6a99%2F%2BsHoqAAIXT679mtCnZGSyjY5FVt3TmU%2FReTSuTlv5vvcKhocY1k6mPlDUIyWYVX%2BR350BZ8ajOJsNHAPF%2F0K3fCA4TxxhbcF3zovj8OuJlqYYFA3fsc3n3GLJoqfJ0EzWfBaT5awqpraRoqp0oNyO2cnPjEVvrMA%2Fo7kZwZLF6lf0Xj7PxklC0Xk3M3HEq%2F7%2FFwfWGk%2FL4a%2BfDfK1KtTWjRrHRea%2FyBdu7ami9oKHBrjRGNygcSQeOPo%2FnoAaM%2Fhg5g61uJED%2B1pC5DFNha%2BhFD1CAxtVujeb%2BGUDgDs9KZSLcGOfT7iBpFZHFcwne4G4%2F3pV62xDuhSXLGACR%2FiuawQGj8MTc7AEbMhDN7si51olRY7SYs6gV%2Fg%2BRdojw7pVITL8EgCFi%2F7cp29eI863x6IdyOk0bH2D1dZLVcUROa
25.,冯绍峰接想想放学回家,20.8万,/l?e=20d56wHkoAjbp0wOQu0ZQ1o%2FYxfZZVOPLcVG7ChuWM8y35rl8qflMrXjDRUtFRvRPcH45z7fiPp5wg4TbFau6tTcMMZwaV4KS6tg2Xe9dOj%2FxOWGE1wFJnsW4oeKawZBI7MqPy49yBiA1UDpYCsmayeF4B2IG%2BlTHEWa6XdjqCb6yuJGEa4oVBsmULvCtO1DolrQheIbMR55Dt%2BEp6AH5D3%2FMXuvPsOlZslTrdLVVWn52%2FwjVqlkseDa16ymTwVrLDFMa8cyw2ky8qZqEtBWQ%2BxSKaoKIUbjkJ80K3qCBo%2FcFJjKQHNdvvPGXMGp7F4Rdnv%2BapnQFGHr
26.,林一长沙活动取消,20.1万,/l?e=bd56e%2FH%2FwV6n2cnSyPS7HudFxnX%2BXlBBUgsegluNEmhF%2FvVrOBNMKt1jTSRWWAm%2FpBta3Mkre9Txo4imqYTcKDVa8m7EANSCFvj4tOoGKANiEGNj1DUZMYn02FVZ4KYhhbF1M6sLyAkHsPkdukq%2BpcnEm1LgzdKcAleonDUEpFn333jnFc%2FtLxRuUaFWBGn30ODr3VvdA7Bmq%2BY5S9LFCnWfd5PaUly3grBKMunIQTzaxavFe4nuMC2vpWiRZowtLdTbXRnMB%2FQVCzb6Y41fTcaofQ7oYn3UoEym
27.,郑思维回复樊振东祝你我都一樊风顺,19.6万,/l?e=3f151JLPj%2FhXBh3%2F7dOEOeHGGKfyvmJ170Pe%2Fup2kZLjJ73NFvkJQhSzIyHVv%2F5W0d%2FHBDIrZz2BM7RrVhEYXnQlOwZFPwS9ndhDQEHAn4QfRK5s1YBhHxEaPEKGwB%2Fct8IybILpkR9of%2Bz6GeOP0y1XN9TOvwxWB6489NgzHYkrqXtiZ6LiDvFlbxHZp5yHlmt0R2T1isxVA6aDHF%2B9x46nsgdWYXS637HlYLVT9Afh%2BLi9IJD6os1oSviDJsH4JsUvjWmU%2BSb7nv44giNEJmmf6yEAo1EoB0rwI%2F9iXOOrTbxdKrFgQoHJeap4tyjs%2FcGtoJBDE67XmdKvHNvGbo7lhEt6tJS6OrcogXOGjsp72MWrfATGBvBFQt2miqDOtfhgEC5V7uTe2ZAJhMbhfG8A22NyUVEWB8uiPHRi1liZWcw8o5%2Bd59yNwyc0N35gjDCZ
28.,安以轩老公被判处13年有期徒刑,19.3万,/l?e=254cZhFCjAtRO5ATGXak55e1iwH6e70%2Buq47A7thbU4pSFw5gWboaiwu4V4X80iKDL8kElDM%2FOxuP7qT1HSHpBcWCx9IL0mIgZ6vWOKrR6yu1zymI%2F%2FwPQsu%2Fs94JVdX1%2F8SrQq%2FaSUHAfQXLp1pUhHImNOOCAFToVzOtTMtsxNULK5t4TnGdpUipL2m8Wx8EwOfjNgx9Aivzfd8VdvQ08uk5cK6HVscGYIdfY%2FEz175w13e6Xtu2bOr84W5qFW%2BQy3ezPTDVVwwd0xmgXhEduYIfx%2BqKhbLTNZRfrRsPNsx8x%2BlKxrpcBaK1C%2BY0bA%2By7%2FYPHUksoUdq589ueINF1pSkCa%2FhgX%2B2kGTcBBoCHUxYqqTAKI0UKg9VJnDoOrCsbUiZJLb0qE
29.,女子在中医诊所遭性侵医生被刑拘,18.8万,/l?e=84afYwW5Y%2FkexN2tZ6ckPZ27fwpA%2F2ngpbkLsvbCbhcz%2F29MMkWpM04nsw5i625O%2B7Cn6rIFTQYqbT%2BmA4uQmOuWwbiYNLBNlWkXeQzZpe1f1EsvwWOIoyWTzszgCd0bYduFq26yXanrM8sh%2BVGQDcoqGy45nqCOMEFUv%2BykydIzw9b0etYVFSTJRdlRMumHqHD1ACvs03qU5jPjlu5oxRKG7Na7g9i6HlFz5glBYOxHu8xnlDUvzZnCsWlFH0D4YXUzv8ZD7hkzmH2tU7a1szPPomxuNk7plZ4ZeIjr1TivqHPIQZyGk6Uy63EGG09TqZQ%2BLolxAyIcvTGd8KhI5CBvJM3WGAFv16Zu3iiIZJgtFgWn9Dd70WkobF4IQV4d7BEccXgcLbQ5FAlAq2Cd0O%2Ftpz8X%2BHSrD7cYGxXPqoBedSb7
30.,蛇年春晚官宣,晚会 175129,/l?e=7036OOvxqpyjaR594kiwT01KUhnC9jmN%2BSMeOhmhALpGUif0KBuqRhBap8oCs4cUgAC2JZatzvSPAjX22RGfcWgiUdtZ4lgVyiMVNNqX%2Fbv7KPUOfo5KHSs3xjLoIHB9%2BjCLbbyFcrwqscFHA4Bwa9IZisCO0HbZ1DS0lyyHTIWoi66JfSxJakZqlaxiPw%2FEPJxri3o9iNF9pXHcL30yRItd2uiv4bfSuTsxPxqHIBf50g3atf%2FyGMBsG9dC
31.,郑思维说我在杭州等你,17.4万,/l?e=94a7d8f9NuoWtapT3KURC6qJCFfUvUEXNI1qkbEgcF94GgMRCCZQC65RIlcGo4zpB7LRnQCNFq7Q%2BP7BBQTVyxT1hAfxSYgTOkb%2By9P5kB9eq%2B%2FgQ3Icb%2Fl7V2d%2BXtZOeMdqMvIJYK18UduBC9EVBdwrJTVR00jek1HdLsEuL4tJiML7wahBepaMlXqN%2BHVuRfAznF9FfFJaQHXg6bhA4Zdt9kw7bAlqhRXegYTi0flPNGs9PSNd3OAuXgevM2PIyqZO0x0a%2B%2BBgqxT1SfxMb4gPmNZVoC1dojtDbK9EYJE%2FivL1%2FcGAU%2B0sWpOJovUmoyZ4onTagaRz
32.,王源头像P了个新帽子,17.3万,/l?e=5f6abaX1JzGIjE9tp2Sy6KGctBBNZ9NEMDYPy7NwTqvg12J%2FmIzst0rbNlIlzRJke4lKcc4W3YDv3qPZF23mjf9jfYDgEy3lQONqwVOXK9fg%2FQ1dgIzqbiRLey2WU%2F0x76UsBEwCD89VQOcsnbqTBeG0ETIg%2FGN20chkNXXRooV2D%2F95Hotnau3PwEfKTX0rTUKwhzzUfC63Nv%2Fo6KMJZ4dlFKbF8NjkvC%2BzNB95XimdurnYhDtcxKRtBWIN0IwMHMcId96vdAz3p0teU0PSE4odv1GP3EASe5K0eyK%2B4ZKaMj2Xqweay4wY7Q
33.,为什么刑侦剧多在东北拍,16.9万,/l?e=9d14tMGwWpIXH5SuojDKaWH%2B0%2F2jbtylM5nXSMc3RMdp0Ns42EE4Yao8u%2FBsQxj4FSoYDjdFRuTBdUek9AHtNNo6ZbqoIdbX3vzvpK%2B18PurP9TBiRQ2CvKm9dXArRh%2BCqicFi4lJ9nLmHpg822K9qFaX0TBjoAYHBYCJGgnjr6GDrRWnCCFloIYUb52HOmbWipJYqaPrDVn%2F53%2FUl5kC8enVUmZASZhriboDexnJKIHy0vVO0U60mUth4JD%2FecHLWq7Ps1jErv2RlU%2FGnq3xOlShorKSkzC3IWQA%2Bb3T1uouSnUQcpP5Wxnl6IC1%2B5wls8h7yX6JSdzQHDXUGZi9ZXWZ1vA8E26
34.,iQOONeo10双芯战神,16.8万,/l?e=4a5f7JkLObs3kiL8%2FkDwpLy9UamrQrynUcOXDhvRgJTLUmaiZP4zIvCZzb9fO9vO5oFmBhz3YgUOlynT%2BAgJ0joVyZ0WGAQCWWsOCC8UFUq5ONPn2t15f12RC6yrzTuvUz3fBJxYB65qUk1PmCeoNvZP7mf1YEDbBQPOssWaosP6MUh09t7z4lFk4ESK6%2F8sR%2B6kFwAggLuOEc9iASk7397jykuzE8HD
35.,辅警因为一次好奇9年后救了一条命,16.8万,/l?e=51cavEZMB3YN5ZBPFjKZJkWQNC2%2FB%2BXZXL0WCod4NPOucc3aeiby0PQeh5uN2eLqZzPpPpVN9ZiFOLuuzlWFc5DPhc3wsW70LUZlTh3FHL0X8I1jfAlPtiLA37IK5VOSBdGGVVkLQsREGUi2nFwlG23DsuLQtPT%2Bf5Hq%2BeAeTMvUL6Xue0eW3CwnBe%2F0l5EyPCI%2FhB7sf9a97thTHTN%2FUQJBEt%2BphSQlNE3hHvPO2pMY2raMr8ws7cb4Sn56ek1pnwLT3qx7bglpR3M6jJPzOA4ZfQwKAH0fjs%2FzJdCTKwf%2FnlPtv0swbs1KJfndzReq5b9oaznWZfmS%2Fb6FOVnvuKiPIkvTbncyA5ku2zQHk2zZComWftusTNkVnt4XnNaOts1zogHk40cVzLwzgvuPlkkHLXJgwMjmzmPdVbc514QHtqWt2g
36.,年轻人买的水果半数是情感商品,14.2万,/l?e=d32fHDgb1J1hhGTcF8LP5l%2Bohq17yTtdhUukAqN4Fb6Lc%2FkAF6UM1%2FntQY5dDvVW44bg8clLOXhA4BMrUKL9Evi9TevX6omFX2AS0hC18FSWui2pjgjR%2BqbITQFVLpII%2BOB7zWlzGtHjTQAGh8Pcx4HmtBMmMPV66f%2F4outNEaYpHMHXvKsdtsuxtH3V2cvbTR37%2F796h7lNXaZmIfIO7P3PTpKaGrtVJfTSh1bpv%2Fka9yiwZbOLdj%2F132I0s0ZK8lyHWYZ8uFYSdIwNHDuke7mGKP1MyJdwMvB2eelFPHkkau3E8V7uU9tixhfFOvhonmSenQ9WfE2KlxAkSTd7%2BRMMFgSS7P9KIf8dkplDYgNHqRX%2Bw29hgacKhSHTl2poihfjPl9Xruya7Fs8cApfTU41AoTl
37.,周翊然周放一搭嫂弟二搭姑侄,14.2万,/l?e=0077nPZIT%2FWk0VFPJYK%2FGotQ%2B2JRMfJwW3vM9mlSBZTNz268ncEfND7eQeGJJeZAd3qKBOAXNdrrw162DzzCauLAWikZ9NnOmI9vgnpBgqsczjYTfQ4daydaD3lSQnQmFtAMci4D2TdRiPsAOjUEOiPkK7ktFg2dL0NwYW5UNTUskcewFrIfhkCbvNqJFtq9RCUw%2B8%2BK3zMiYHQ7zb2Vk2KWlwUTaLCu97eIKVKNfgBIs2A1okg%2F53nC6iPsQ%2Bv4YXXXw91wpej37Fu3AG6njuqzTwIU3%2B3z1y1cPNAjj19TJyin8pR6ORCe55u16rpiQpUaaxoKVUN3AidfAggBKmFlES4vxPFLsUzHKSunieGTgEAOYmwmGwp6zI2zJY2Vpn3lwCs%2B
38.,优衣库客服已读不回,13.8万,/l?e=ede0B7cv%2B4ZRxi4z2TMhI3kBhLVMM4QbIzscMBUWOlO8ny5VN2FjNCrujHlE9FUSGyuQ759y%2FH8zeSY5ThTLlku5coAqP4EyLzMACAPd5gTzD4Ju40l8q94BKo7kQPYsYY%2FIYp0cvIk1IJlERVXfbyPVvfuhtFYbLM2AZkdKZMjFPZXs9E2KZjiuA80mXT3QvG2X0c%2B7mIRZ7ivejZ6cA2O9Q%2BNnBFWsK9EGlm4FdqB55S1%2B3ta4qJ4yS7l5hucfGBo4pWRg92QDs%2F6D6p%2FmgzLf2%2BuyGLaRHgvBrUHtCmS3MaP2309sAFQN
39.,国产剧奇葩婆婆又出新款了,剧集 133301,/l?e=60d2qaiP%2BlxchbM03hb6lc2uDiUEKgAKlzBbutY5oU%2FWU%2BvHa2YGRVHovHTA38jRza2%2BfNlZaMgXgqieDpgzYRI05GTXCeTgAW%2FaDptm4BOS08HhY2Q%2F9Y6PmVpCvudIfjJozRceOqFoheIk%2FeikXVsQagyKx2JljBF1Lbs1GfYS7oZonifzd%2FCr1zmQLRu%2FblgIfNwlgyNkIjv6Q0zufpHFeL2YeLHD0x6kAWt7sQpfIefPDAd2%2FC4WmuTEAOwCUauPt0GB7TXZxHpqVCyhKQTAvjcWNXrYJeJzmdxesAk1PWcOfgKPYoTBKpwN8wzycDd59yZYmgEJi%2Fgs3O5bBB3T33fzj%2BIuqwzzSGW2McP8llp%2Blurx
40.,丁禹兮看人深情是因为六百度近视,综艺 132684,/l?e=272cNL4vaUsseaYLCeidRcH0Irt1ZfxO6MxtaDRPrMkyx8uD6EzMcdA8lrDvNTRrKXqfx6uhtBEnA3es1o1VgUtyqRIs5O8qnH08%2Fj73e2t7hhqS0IXFJ1IwtmjvStOt0q6c8FNvqkwmiIepqx5ndT4wv7aDPxjLPI%2B4jnnQDzrr%2Fo8H39Xh7Ni28IynPjLHsqN7A31WvzDUg7lOC%2Btt4c2OBi3IGhPj6JLPmscfreVI%2BZHDj2OZ8u32m8QaByC2JeARtgnY6f8QdRE6AvX3UzGVgVrv5JzlNZNL7miTqKBB2%2FsqpK9MqJRD9J%2Fx54k67UWwJNhLv6oA2ftbR2RBJ1xXYoslgsBKjuh5wRIdsQGhudz2lQmc1BK0LWVLIclRsf7Y6b6lFrAyqbGPMlZP%2Bt8qB7QqU8i39Dt0MFXRkcBTVw%2BX
41.,樊振东对郑思维说风正一帆悬,13.1万,/l?e=6abbf6uMtaJPnbaMPXiQ%2FNLnNY0nSUU67%2BduHOLv9UpTiCPpi32V6jgAXnKbMqgssB6OHWfHTJzzmgL%2FtFE6q7zzeT41%2FrQsUS66syE2%2FZ6xOxney0%2BT2EtGPZytHVEAj6q90A4orKpQJk7bneZJ8CHKukdevXaMgEaZ5qpl9LDfMvcqCXBAnfC7zd%2Fz0AlJGuHctPW12bl6165Y%2BHDCNxoEQTaMxaa3eu6hIozRXseyEHjn36qieY2yIVUyGiqMymZPKiyEOXLhJhmh1GcPN6elvD1icW0IUHhUwH9QiwUYDW45UO5tW8DeNLpJg5SzUfBz6kh8V3wQip6o1PR7yzKgbx1zjyESw4XXc%2BZ3ck6ki7cNhtbOdxxhdhu8ROxHLLcWCtEv
42.,TES官宣Meiko离队,12.9万,/l?e=54ab3KqJyOMZWz8%2F1qBFSm6vNIWNWAC5GMfAybRYGB8SCK0T0H9cGTGT%2FADz2nPaqGcCE6aRrFjqyWaDdvB4ZlkyS%2B2FhG8MQgfEE5Hkj%2FekNuheA05zxdflSpy6f%2F7J6gzAUvO%2F%2FRpfJcrCV93iQo7R1hEhtq54z8BRnQPW5ZqzOKVWXKuozTwE7oebzc9QPmXgESJ3u%2BzwBsOm4zXK7%2FvZRRzSJeo
43.,王楠女儿落选国乒少年集训队,12.7万,/l?e=4734VLThA8yIpmE0aSOZtbM02D9GJjE8E9dFhMl%2BHCWzLs%2Bb%2FjKpz8Yl8V0hKjieWFIAoVhFNvsLwFnQ9qhHBG5Ym9aa0Mb0fqyxxgBho9jb%2B1x6woL2vrr9q7aqz1iw8cnLJore6FpCRBPAb24lMLOhtk7ECbJo1coLyFVsBSBIiyg2CNXSRZlXR%2FzyZO1z7ihzsxx7GR2awvxWPl8E2NsjSV6436Ceuv%2FwPfCTwJL%2B%2B6R7JC3k3mtELXIAwx6dXnaxj%2BYSJAvXooL%2B7rH1kIix41BE1JpbcPF7XrXylmneJOgIjJbITJ%2BR20XuxSby%2BrhZ38ubkjr4JXnxaNzEK2hZSgJAtDLqru8OtPTiA1Z3edqZHwTPf4XlWKni0Z2RJ%2FhT9Po5
44.,优衣库在华业绩下滑,12.6万,/l?e=ad57JJfpbfjJz5z9tM6GVPSt34vXS11b2LILeXjm3VZekkDl1R%2BL1g2pTZftTWXBLnL9EMJuTBPLu5SMJM74XGr4geAemlO6W2Tg4mjdMOb1VfWVoFddBbUlCdF0LydFEGknM04hDIXD%2FLzrOowBsga%2BfKhdSi2gl9WxGXahv5ezMjf7SnQ5GBCXgk8R%2Fvhc0ZLquiV1v1tmH06lB4q1TgpkhhLZQF5bwseXgaaJvpfDUaj3ckZcOe0GjwyrqOcoJkcOCH%2FR6vmLxryBprSYagjI3rTDUd%2BWxTOOYyJMMeR9t43Wck%2F5drN9
45.,侵华日军日记曝光南京大屠杀新证,12.6万,/l?e=dcb1jupbQHAROtYtc9M5UKnTlmpdetMRp2pWhtm%2FlXXz7DGOAewClFVdED3ohG%2FXBmkVE2h89%2FeAQFcRp00NQ5nby5QEmNhBehVcoy62qXCsqYL3K9v%2B5XdeWJ30m9KtUJmEVzxIdG8jVgUNXwyPV0ad230H822v3qMULbAhHvai3NIjj8ib220%2BM8t0YQYtoKiwd%2F8JpH1rYTXo8wU%2B4hl1LklHP9Kv5S5HzA4Siwr52lWMFRR6W%2FXvchzm53RY4RXZYFPXL1rthEX334FxE1LD56amuNJa1BdvVV70eavlRMChQLdK52SC%2Fva9jj58gY%2BL0ukTtcDMs8v4mj32sAkjU2sZ7XNDM3ejdc0w552CS4zPsUu4FxMBA2iwMzjktUi3165tMWwei4IIB%2BhR6DrihyOZy7IasjqTqT6vn2HPMURb
46.,奥斯卡宁荣荣 新还珠格格,剧集 123615,/l?e=b245X%2BDyjw8FkEj8C3zz0tEkg6BNgPOz6%2Fni6994Ikb915zmrm5oRcAxMhtwN9zWKXWk3f32rGNcIXhxM6m4a8Ue8dBn66WF%2FH24OfF7dVeKGfpTzcxp0D1Njz%2BFzFPF9wAGwmExyyrE1mQON8VWr0P7XVymjg3eirrZfJM6VSKjCU94tKT8chXEyg04%2FT2JlQniZtqDZogfReh786P3yiBhkw2EAmMhuqyEbqazN%2FBFUsJw7K59oEgm%2Fj%2FwooNfR9ZbSrBrDBw5OYfcv6GzOqK3bDzfmajj6pR1y9DpLI69d%2FDja1reqQOUML8YMxuOpIV2gyF22p7stbi4ZxMrZNjQY2LZzolLHELv
47.,你家的筷子多久没换了,12.0万,/l?e=eac7JduoiKi32mUCsoECzqxnd%2FR2TfZdLVFe34klWV8h%2F3l36K9PFgrm8sU%2B9MWXkSg4lVIPW8t574mslrc%2BnqUcHuwF3xhES3i5eXRaH3dOEKqFDDJGBseLkcFjZV4Y1xd84547KxXbdIQ5LEK%2FlsUUwVPGKsXh5gxNjFIwXa%2BAOSnYgUXPUZj9hDVWSeWPdjy4tG%2FzhX8K68lrd0oxe1SJA7I7NXFSRp4PL9ELHd%2FH2CnncxvAWzWn5wbxsBh1CxsLd9nUMF1xVAc7dqkepAn2Hm6F4WVsr71%2B%2FhWNRfgVxnNocptWU9RFPWiJWDK0jjwRR4SJXwmX
48.,珠海户籍居民可一周去一次澳门,11.8万,/l?e=df95J2CSH3A8gzWrp%2FEJesFp5U50K%2BoC4K4u6hTUmwYIr84ZA11hnPh4ZmXx6dbYDJrTxv%2Bu%2FSvC3O47kkKX1F%2BFgXuhaXbwSFkh68ERNJArsgwjf2%2Bawg6MmNs3lfkLPJFjgccrhasYLhahLjJisl00hHWrFksc5tEcGhku69edVKeJTR5ISuKjZHQT9%2FHy2rFOYIWvfdfYiNQeC1ws4vzWGixtwUVAVSlECsK%2BLDKdxn0jmEwycNtNA%2BKXx4DBpwQ7Hm9kLazPn%2BFmO71S0E1xV7LHjvrlDlN1wx%2BCOPCqWwYS0KAgrAHQvO0BuS6Kia1CqqIZDlyBbLcexfvPvBpu6SbERy%2F1UD2Mt6aaOadR7hsQwXFU1f1yGhgXGR0lNCmLE4PdBkyB%2BGW4BscWY21AAyPh
49.,杨子黄圣依 人设,综艺 110717,/l?e=c1d6PCXrMxZlJELsvUyyJ8JlCugyE%2FvDPTE4hhvASehTYiUCQup%2FEidCVKPCc74BBc2BQHfrz5SG5c8QSCOFphLmFcPEk81%2F2w6fdNGy6W%2B2MJ73nBz6gNUff7xaCBIY94mmlPJfGaThjMQvwOqMPmRXwzr21nQxwMNXdbZHgQil5xcpRyKpvtXKomZMjAt3lOGMeKVOtL867OWE1x7sAY%2F%2BPu350%2Fv6rHSYY1S0FyLQY560l2qbcgMfET%2FFqDBaRxXYltF0EHVorR1hxlpG
50.,澳网亚太区外卡赛,11.0万,/l?e=06efb8nOSsXvvkyfAo5dJawxQ1n2pNE9zRw7sUk2372c6lez4CXEYJzWrUfEjDfcw2VcqdU3vUudH4P0XCNjcES6G1Xmvyn%2FadkAzj7MJGBI9nca0Zt1UMUdwZLg8WH26PZCtHV6FE9JjDdTJngSXPWUaun3yucoQL2FutVrI08KfWeCrSowYmpMqbRsI%2BQOWxgWloeQejPwnkL%2Fqr7CQ%2FQvxE5b409Xb6ftnZd%2BR3CQaOVyPW%2BsQ%2BQ7J%2F4eKaTk5r8kDS12%2FeNTaW3BV%2FKWMzLmqXb5h3mboi31
51.,儿媳控告公婆未经允许在客厅安监控,10.9万,/l?e=18cbQJH3R2hzCvNum%2B8nkew%2F%2FCL1ThDXMaYtVz6yDn2bGHNe%2Fl2DEAwazTkHamP%2F4ThTrbixckWxKQjbKYCRBp32OpfWGsAwak3ki4UodoG5q05Pf82D7NSn4wnOmQ1AY7l6rmD0RhvJo%2FA5plAss88qK%2B3BL4%2BFvVRZyzc55IGwnRwnZhFzkCljHrjZ5LsxeOP1Eo4mxUE8hfJyJIcEtRP06coRfojV8r53P55z7Bl7CyETIjxcmJwSK4FSneS6rtzQL7%2FM8POuRylj6y5SQ6Hgfm4TYr%2FBxwvjbjBXDTjBz4MHNRqiyA1q8MVoU0MP%2BEyOyZpsIE0Yp1Lrv35OXKHipw%2FTKbaBfBtbP2yj14ncHy91xhK1uYGgISTtHJYAx5rBaNsyvWj6ZBdt0wyIW60pFTS41PXokP8FBEZeRKfkFNK07C%2Bw%2BN4qpptAnduv9Df3
52.,侵华日军日记描述南京尸体如山,10.9万,/l?e=ed46wvPCX92d6wZvOv1SFHmmbslW1WA1fmLYq%2BGbnqSrWaqUdc9L%2B5bZGkQlDPmMDYbUcPV1vfvg%2BtVcRmPmIOSxJehlNYfGhUlVQUdaNpWBIkjf%2BiuVs7vfBQtIzF66IFEPvSPLwavd1kQpZAriQOCmm%2B2QIENHp7AviJuxOcaJIy8dNI3uWBhrRqZpQxB8zOkTeJAQ8Zrz7nE2opmaShnRYkwgGjsj%2F8nO6ndIURkMuP2Ml0D%2BkJMV%2B199FdXzISnJujxuNdfkVIi%2FqNtL9hgF%2FoJY8g%2BVerxqwA7q39wMjb9h%2FhA6%2F5%2FNSUC2bIkYvmHgTJ0sc0nX6qwyneih8ixczttTjq2%2FprD3ptAElvk6oXLH%2FPR1Fu%2BnJo3kqTnlZc7gDlS3nsCe%2BDFR8G3rTz4%2FQCQQ
2024-11-29,蛇年春晚看九命相柳,晚会 229738,/l?e=4acaOgFbJrOkkrfOkA%2B%2B20MmCf5vHc1vjFC%2FMO3vNcVYXjfMUi8iQdSow8rpxRUAQ%2FD%2BtPsFURr3OFkCAuUDXaBrXDN0jsK8Erp3epgkMwTlQdq0WGRSbOakejukt44%2B24k8YJqGtCoSlPurIE9UNq32p8R2aQG%2Fmpy5cPn9%2FvZKd2kP2%2FScQpKjdxE22E3InAP%2FwDw0rpEnzndyjhDritfLiHbQ%2BMyUMB120FxKOItscVjsPmvdVI0%2BYE8Vamzrm1gMqXuufOVibgsf%2FNYvdzvZ%2BuW5qs%2BOLpL9uJxLaSVgmxAZD2pDOnbc
2024-11-29,张婧仪眉骨阴影,22.3万,/l?e=51a5nAiLeXtDMbzFHvdXVnfav%2Fh%2FJg6tU9ROdAb4JCZJhFf5Sn%2Fuam%2FvzkA3PP%2B%2B7B1cqIeEGMoyZiSV1TBXRh91EljGshbo6z3c6JCMVnzli%2BwfiDpcfQmMzOum0QkKAyfSsLTZP%2FTzCrp3rkDyEThLnpyJENVN0HldQp3p9DexOqNcNMqQoGWdBv%2FzTOh0X8Km6EFj2SE12reBxwWuo11hnwfvPU5BHWLbyXswbom5YjGtRlgVzdDxEBwwMF%2BYZFqM5BCOf3h1oBdv
2024-11-29,郑思维回复樊振东祝你我都一樊风顺,19.6万,/l?e=836aBQgJfHK%2Fzogzoa7qB%2BFcBX7dq9zEgmUcWNjMhMhVbrVakx3sMsJ6IGjeJY0x371JGsuvfYXZXkLQETrKb8snb5Yg2hTR0ERxZ7tWgu228Hf7Yy9mmZAh%2FMzT0QNax9%2BBLOWREjwX5bKcHeKoq7GAw%2FoWmxwKyxh%2Fszy9FVY1lM%2BXdK8IoZ40g4GTXPfiws6n2Jwl7I1QehP6nx6LA2%2BEuZe1kjp8FQ8CkrLGybnQAD0NSKw5sVGNgFlEmuMcqKLpDfc3joFhHCV1NWrXEk5AeTUjXDPpExSOaTWy677wr7nN%2BfHV9qKchgXJgf5vckFV9%2Fs7u0qwTG5hS8xVwMUVpblWTgBAWoHOhH93wCfUfZiea%2F96dYgmbPc%2BY%2FQi2dNak8vpYV6757SpZQoITthlf7Jn%2Feyrn2t24kn%2B56M5X1I5E6w%2FSxZb1wInveLD%2BL%2BH
2024-11-29,安以轩老公被判处13年有期徒刑,19.3万,/l?e=0e80IUKx327YNGdcPa%2FXZTr4J%2BxLH2XD5xBkrAVlcoiznnR3ZJQ5nLWWF%2FciDjplX%2B36%2BYWsXupLTPaHeKxLgT%2Ba5KYObrxQOPzI6WLJy3t9F7IvnC36kWmBk7KvjPDRFMj6u8Wei%2BRAKQzHd46SDmfZ5HL7NjfZTm5paCoUzD1Ra4yyEE7zXPyEMH1khV84O8NJSJ3qxnU4thLfOJusV17YyexJDl3usH6qN6pnmM6APL%2F0JsRAaO7vu7c7jpwyFkRZDyvPkmiGfxTKfG0wsLLu9LE%2FKDOYlJYtsQ4mjEGiHH0FUhVW7QYnC%2By%2FNiSfd5GJRNn8ZEgjH9jzTSNnoq9VQ33aFWBM2pX4PIi6dtqZm78ttM2niqm8Fj7HznXpU6klSVv%2Fkqs
2024-11-29,iQOONeo10双芯战神,16.8万,/l?e=7e3918M7KniDXZYTX1iysBjD6twndHglWdcWjl5DsD8yczPr%2FQ%2FiGlp909325%2Fs4eq9pY3TGveNBRaHTkhwbuNB9Af9JogNEXxiomkWpGOndXPrKQdn8qaxwXscugPlPjag1oi7P9J9oHqGdzB6Zh3K6nGRe1sxNxdcDwdXAIcU0gMClcuRIPNy2uO01runI3fQYIY2znZKda6NxV3ua%2Bq8KfVNxScif
2024-11-29,周翊然周放一搭嫂弟二搭姑侄,14.2万,/l?e=7666vdmALxaZVTVryVH6QjaOGbP7HAx7Ak5Yz9xYHdGJWe9gq5fnId%2BT0finQVzvaLK%2FPmnMG9Zn9dMHlVtkkaCXZKcdFpqP%2FkBy6UMyy8rk948GnC%2FrT%2BmoRe5AdjK7xHEYcXE6cbO%2BZLni8ExGEZ%2FGa6xO1YSlVLv0RBox8RIyYaOUaInTLizMQkkfjQPUXQ94JGTOQ9iB13J%2FEPdWwGm4yogALMCZ%2BE8zxrQ1hxoZkiOCAYLyPA9Xr9k6qbXGrmcWtlhBmIcehO3pyZIkxakaKKvoNapIBD8uBiBHClHokULnCOjB1KQS9M7aUvf%2BPsYQxt5NHVLFbqKH3zRt%2F5bodlNan6INR0xHBWLBxZbmB5SzM%2Fv2GBDbpQFbEEGLJtSJ6qHV
2024-11-29,优衣库客服已读不回,13.8万,/l?e=cc1f0%2FdVXUJndkaTMfB09bphTVGPbEzmyOs%2B%2FieLL6mLLs%2F78qpv%2BKlYp3GOXYenrMEsKpifMcV6StARKLNCcvpFALwMWKxAA7idbP95txGPcsYcJRflm7RdpK9E3R5c%2FaOmsB%2Be0N8PD8%2FK1u8vAxY0Rq4uHzgyBuAhEUveQwXzzqf311wtKRfbgWUd2j8BWMQ5spvp%2F%2FK6YIhnEUclq6Jy9clN%2BLtKcn3Hgqq%2BUJXu2Yoqn1%2BriAGb0%2BDvUdcQhl6%2B9pv0aZOPEhcWenySDmQN1sFJnENPqdSDdc1LGavQhRLN4v4r5DXi
2024-11-29,樊振东对郑思维说风正一帆悬,13.1万,/l?e=5ff1vWNXzEct%2F8jEgcYA%2Fm1By23aGjZDaYitVybLbeGzW%2BHmdhjfS588799sCgB6JbR1IaNOZMpa7ogQrYTtCxF674VMQIg4Brgsepxp0f2RvCTODzh6nf%2B6dqtIrLP%2FJp8uSKihTT%2Bb%2FwlTHpfdLiJnTXYADDIiSlviwYyx9KXpHoMdGIWlpN7PimzerDu3TDTc1SIaLdrYViaF3CQqVBtXMGLZUqJXMB8WSJkLBL985xf4UV201Ga%2BuhNUL7hcvo6yyXa%2Fe6xQtMtBhla%2BOnfRyIwp6FqiZWJWX9ec8YeRdsEvvgQGaMIFHnorsc3FiFPubosH8FMreb81AOdaznneAL0gEOnj5%2B4Fz27lO%2FihMLaMku5COA2%2F9zZV0FIlU1OjDEXg
2024-11-29,优衣库在华业绩下滑,55.7万阅读 | @南方日报,/l?e=b361mJBU2cb7rDpyyea71C1OXekLiarXFlQq1oVlCH8xPhqoMar%2FEe2wX39edKsc%2BIRynuHZgaFfGOcLD%2FWN3tyn%2F%2B5nIMxRfYIRi2lIeteVh80hEm7XU4JEIiW%2BsJI7LzG1P6WV02jXi3HC3O7MD5dacpSgwQWGxNb0dCjOH1NvTRxd%2BEtVa6AC3%2FfG5q7w5hWPcVXKh%2Bk%2B5Jv2tfARUu%2Bi1FwSzvjveI98ML%2FEyRETGyQlHA43xrWrRFueL69kDosuAtITIxKoHkif7qdRpm4nkBKfX1Grv5dMA2hfY6VE3spY8RjxbVS0
2024-11-29,2025杂志超全订阅攻略,,/l?e=9cc2Eqx868sjU9XfJCejpd%2F4Adp9pTtpg85juvlzXX0f9NifyUHV2l3f6TwHLlCiYZ%2F68DomiSrEaCYrOtI6lJYP3Z6cfoaXUiO%2BCqmCBVCqCDPyNoN1M641LsbpUtm7aEfaMc2abxz9UVxEfmhcIwVWKD7TRlK93S8Nyu6UpdhfzRQp1O%2B4YRoTNVWsOf2Xm1Wo7gVG0EFjZiUC9DkaEmVi5z54%2B6EaTwcbnv3eLircY0a8MPEXNTV1nXpRmnS9gUCri%2FYmdOE06ep%2BGiYFatBzikvJBwJJE5%2Fw1O0h2g
2024-11-29,一年一度晒家大赛,,/l?e=8a31yZQ7jopjtyiEan5VGY4XiR%2FXjMvNM2fiQy4Eva2ZhiIofsvYWQQZsfRLUDMwkjNfNx%2BX6Ef9Yx%2FXmULh1HZuhQUhTJ3wTi7FtD8znInWXOGWdQDS6QLdDbtLszohChfdjn3Dp3xACPLVQdi7C0HTZHOcluDnPMG05yzMQbWHgDhuA7hE9Ye5wgncjPi3J4BHtoPW33lTInuewvS7RUdONSnYDxuHXO2f9BsMylMa1BNIGkFTqBt2tM88DVQVWfDDH1ZLrv95dgLUkUt6o0T2AmcEXgwQGZWk
2024-11-29,A股三大指数11月收红,40.9万,/l?e=63e7W3kPd6VnQtJWBNwfIa91WBYuAxJ%2FobU4Qz2GhLbrramL84VDtV9R%2B0GpLBKAizpkBFPk6gcBnwj6cKFfLRABx58aCRMoLpe9C3kYmeOaCxsJ8%2FTFl8PaFEtTVSoAUt4uHfkd00cceFK95q%2Fl%2Fm9FoTK9vQoArw4Hbx0OmRJtW9ZFYNB1QRP5TKQdIAMOWSyLwAJoPE9Au03IT1wDQOKzeHxYB%2B%2F67wW4VuZOcVsGdIrmqVv4ZCexVAVVYqKIq5IY9G7pWGy6pw4LFRBOdRDWyR2xqmoXqaa6MxjK
2024-11-29,澳网亚太区外卡赛,11.0万,/l?e=b784K7X%2BFjrJHdBC%2BmoiCN2F8YxZNoh4e%2F0P4K%2BZOYFPgjokHEucmnhSV6chICJaPrySVfuR7hFMkmapMlwXb%2FV1Xos1s5S7HVj8B9q3bTasSI082RGAQ%2F9mugS4SKTWPQr4VMRZ5EPFJ51OhetNpvv%2Fsc63jefHm13LBuYgs5bnK3LXocbpcFHk5R7uIYwHCG%2Bv2RXeaczVVHFaulTL5OG1svmlXV71YabP4CxeJS7R3%2FcdstupnIRLiTMV%2BSL2W2qIT61y12Jt4wNnZAB6ItZa6gEgPclv4vdR
2024-11-29,龚俊城市雨夜撑伞照,23.8万,/l?e=82dc7K3Hh2F%2B4sggdxBYem0Q1d7%2Bri0ZJGdtTV4dqiSVL6u%2F74BFOyDL6lhPSPIBR%2BEH2fN6teU8xKbffIxr4ctv6batM%2BEeesgigl5Xxe0CnXzrfv%2F0axxLb33S%2FDRqibabxqkTXNsOtnQOjhn5YfTIhsW2gD28DDTQ8wuGinAh8AleF9Qag03wxFZa6pp3BTt66ja9LL6BN8jNTgwpRZCx6ihFIjZytZSMd%2B0GdP2k5v93V6DDYCAYFP4%2BVxNxA0ERgpXbqsvYeDJjlaIWrLQTESyIMkLY1n1NYh27ihVZ%2B%2FPHPrYDfHOR
2024-11-29,郑思维说我在杭州等你,17.4万,/l?e=40e0Ge%2BwrCs4FUwquIdQe0RMTJl81A0njcjFtq90mYR5QyZcDy59loJqK8qQRov4UFK8MSQs5114lc8H%2BPp%2FExREjsAD1IYAR9NftHW%2By6cp8fbWDruSzIuLw%2FobDN7HMmS3P1%2FNwyharXsYFWnQIiC4Tks5UYtT8OAb7JOtgwVNfxmpTu1FgKkUgkIe9Jyf6%2F77KZdIPTszewtHJCtS%2F4wJhONG8JLydIY7isIL7tdzJdIhG6m6BP10Q72U%2Bc2GDWQWlSCHzdWe4nDA5zKuYiFS6016TLhOtZ7Oj4tiIuifcqz0vpbIBPpAL9sdWzaTqXz5r5Gh7Hiw
2024-11-29,林允滑雪妆,20.6万,/l?e=f58beoEYTBbQspPLJlACMJ8wirrVp9bwzrGdYz7FYdYAvMGplSjz4NxdzUeQMoxkRoUqCw7qjXJeRTSO1J1z9HJlW6eRJDqmMHxn%2Bw36qpWf7spReVpMpRYK7DduT1GS1d3MuSJQb8kC0OyMF3VMVOOA8MKfCYs0jsifL54VZ0Ob1c0UweVoLTR5PxRfzgdYvOEc54HTX4wgtp%2B6f8mdhAotfH25dYpU4S2JzoiR
2024-11-29,侵华日军日记曝光南京大屠杀新证,124.5万阅读 | @扬子晚报,/l?e=ddfaaqeq%2FXbBSHS27SHEJwW9kiz%2BDwikkLl%2B%2B%2FsBb%2FzLlQZE0vO3kpxt8H1QHCjnR0vmfSZ9ld%2B71m0rhx%2FRDVMdOvY1SkY9nt4J9T2Z3mg%2Fir09YCtkaamEnWqnGXnlF2NGI8a5BU6QqnKlWbV9jrR4mP%2F2OZBB0OvbAi9BBO7gCZOJlpoXYhKNtlTuVOYfSF8%2B1Z0bInLMdGXbecDXXIzfG9rVOGr8GaXPxBKatlPxBYXjGQbx16%2B4ERpF8DCRLx6eDio2wXYPfSd%2FPZRo9ck%2BjRHH6WtcotL7Bw3tME05UztePdVUDmpS9ZX6z3mrBqjWCXH7wcvS9WFqKQkXs3w4M%2BfJFjhpoOyIWE78s%2FIqjYoruZvolp3CPXnTQi5HlfdBHqEcZj74oIPcTL%2F7XZXuuhIXkHQabtz0LtWsXDf3ctGl
2024-11-29,国产剧奇葩婆婆又出新款了,剧集 133301,/l?e=6590jC8QWuInF6jPcy4IoWCSyk7hrgGDBJ3k%2Bgfp%2Fw3lWQXgC23GZvCf7imhC%2FwMUKDZ5WzQ2HmShoyfyP3H4qQO9jcbg%2BYPQZaKDMc5itu2v0gwExuzPoB%2FjzFcns%2FNEP6hGwMslaAEAPpym0xhYWOJaT%2BCofiHXr%2F271Zje3jDnRbApQjWv0faLm3%2F6vauJPOcAiDkfZoW7zhwx8L%2BLeum2W3NpvplKXQdRVJJfcHq7Jls511875jqa40DZrBl%2BhZvgLXmRJ5kRLfRRPpzCZha%2FTkVPB6PKDWScn3NjkANfp0OrjQfbg7PlQ5eYQZVtykK4b%2FWlaTz6jzmxR74Mz0yo%2F37PgJRwkGdkeLvOTOuu7iQKyuw
2024-11-29,为什么刑侦剧多在东北拍,16.9万,/l?e=b262eOgDBqOB3Ebz%2BF4amum8mqm8NVdNzB0ZcfyV6zj6OlAlv1HoR7p4kk0KZtVw%2BiM1vnu5JcvxE8H7so31N1fBMkV2S6DZH7AoQ%2Fx1dPxUJ3fxi5LMg7FGE0RAIMLw5WiRDOkL5hyT7Pe887R9rD3AcsPXcgTM%2B1xEk4dct3yMfeaDSnUndSPSJpBS9oZkhbH7CO1XOrQHatiFGUd%2F26f%2Br6jQfkxktwgyxfZgGuIZhj8HuJ1zWSwyFdLeqvSrvhbhnaWrggDzFjcsMsga7CgBQyeO9txe9jY91K6w3gOFzDkJAk3N8NT67MWQyqQ9xZ8AQr6QCNi8MvCdaUcaeDIIHdPgTFP1
2024-11-29,周密把周芯竹买话筒的钱转给她了,20.9万,/l?e=4e4e%2BMX5Gxdw%2Fz3uf7wxO5VnH6yCfGTQKxJuBoUeqd09mVz58DRAqOOyRE6FF6pfejz28P%2FT0Fd%2FcPxpnBcO522aS4Dtf42sZJUHUFaJi0tnIeh0J9jsSCpIx%2Fk8YpW4TbACRseOltE1oszVkNoUT0RxwgGoIJhwStah7rz4s97d9YfbEHSQUPT9XTezM4PsOmu7qw0zD6%2BlbcDirypwJnK%2F6e582HUnNnFzfUhgQ%2FjoHUWujRwlYWOvzv89AU%2FMHm87j0SZg2q%2Fh9aZlLrW5FIG430HeZ3sNtG9Q0u5Cj9z6lhXo8u2a2trO7152i%2BbChJAS9ytpTQu5cY%2BguY%2B04mzm2a%2FncDdEMkPQMYrJGpXnfDZdfHnqbQWbBY1eAMsO9hL5cwDw5og4lLLqykk6N%2FMI4XiqaHaZHR%2FZRQQtuK2XOsD
2024-11-29,贺峻霖一路繁花数箱子,综艺 132683,/l?e=f7a4tY%2BlvclWgjTmfg5LoZ1rH3m%2B7cq7Sa36GKgE1%2Bj6W9LXtNXuOo%2FI1j0aMm3zVfcaWLp5TQ6e%2FSAWvHEb3jwEHiNKP6FOL%2FOLHslBE1xVFrxf46YZRJCYG%2FoF6CviulF4MF6KAXaM907kHrFrQPuqa%2FOLw%2FMudncSzLoqKHlXRGRFpSHHONSv%2FIsQOzswcuQSaHNVN2qNvZ79UA3aRm08FLmUW8ka44a3h3YYeXii8uwHJ35C9FqEKy15xyftyjLLQg0v203vlGIlfKuF4EvTecKT15H7H2UCVzpUNzx8gTXg1smTEqUIsG684Q2ip0LhjAN56G3s
2024-11-29,女子在中医诊所遭性侵医生被刑拘,18.8万,/l?e=d4f3tvRTgC8SaboiIRb22fpqtGX7mixgSCZNaU3pjzSAam9Xwj3iE7HJosdBEu00%2F2QNQ4gF9loIEXE0PaeJcgApQhrJO3M4x9EG61CKICzAuGiEg84%2B1vIkaqBx8p7fdeVhLyTFBfn07JSqU5LhuxFfxScX0xiNf1fgZuBBv0ZiWLGfbVCWWR82VU5ZPUxy8G0LB5tl%2FEpw1HujKSlj5s%2B453ADsacjTGAgj3n86%2F7zwWCn15jP%2FVbYCM55oNARGwI0JwaUnXwOmuCUewECrvbXvY7u4SDDkwlcEusvvmBKGKTjPRSkHtB6Ig21UWgAaMWa3OSTxWKEfI1xDDZ1wGMqoRqnxEfJS4gpEPlkKiQF%2B7b6dhaAlu4%2BncSHkBILH5kMx2y3zElUBLYUtW8BctCdIlaTVrrbYxe4CQBuElog2T0d
2024-11-29,印政府还在用被封杀4年的中国APP,306.0万阅读 | @观察者网,/l?e=b1517S3NF%2F5%2BoYOBb%2BD%2FpDWgwwZQYFOIT4N5XnvzMl%2FYFCVV8%2FYhkHw1aZBPKccB29aUwPGijkurdSmVlHjB7OvXeg5KooXVZf0bFx8I1%2B%2FKP%2BcZ9mYaoO7BqeXQD%2BGU15q1Ri044NptzUEZbFPpVfZ3KA5%2BxsbE4UnPiN8X7qanZucxqib5vgpCHXZvGXcp4Rkn7aPiAi1EI%2FhGlp51%2BfTF0mZqwU0lN64Qix%2BZ04d%2BDzd%2B8hlxI3v1EvDWfQpRAM4sgQtSenFisK5QANphAfZ3koBi8BZckSYvItaSAQq2Z2jUNPq1UQFjOzoHbA6Qon4dVyVD6jd1tZsoeG2RSw%2B88NZMotlkx2tdYUTYW5yA4pnZseDfKrpOf%2Fb8Sg%2Bu1GaOjLUharih7g
2024-11-29,韩安冉称do脸模板是赵露思,76.2万,/l?e=1917w5qh9hQCR0JM%2FLQyjHPDKjdzHplkwov49Kp6gb3MT84kTd4YaeIsfrc0MrFVs1%2F%2BDHc%2BQzxvZh%2BghlEMzl1H7DLebSvYUlMOSUu0XVwfQ0ooYZFYZ6%2BZRvhokoMyr80vYggpUu0LeBHCf7h2pR6sK1PD39hdbg8xmL7rp6XI3sla3XfAtYMZm%2BydtSr%2FyeW9lc0pc77LHPU%2BgHAXVfsINIUvhEFzP6m%2Bxx8scjjccaBYvjJUMKdNRXAui5%2BZ7p7QIX2J81OzI3SEg%2FMV08jCnC175izJ46ABCSwmBPH74J2MqKj1u0NsKKvdQXvcXC3r0ypxR576EMIFhjFJ3Mmdgce%2FHius8P0
2024-11-29,王曼昱助力亚冬会,28.0万,/l?e=5d8eGkJzAw3aUQ47dhHYK2wlJ8EfqdU4%2BXikJUN35Wd7fp0XpiLxOZQOjEWdKK9jgD%2FCfHs0N0MaouA0KQnCjLvLyrpjgFpI5v%2BzV3GGz07Wfo14JPAZhyV%2B8CBSnydPsIH1HTriFlsUb5E9kr3tavXIIN%2F5NRs7TAG8iJ7HFtUPcvxRbwxllgzh8ZLwdMrpvZdfdZ%2BRv81gSl4gM3qvRUd446gAzTYEDn5wvm0DiQU4yW6mKA8sjF%2B2IhVCzoUOnTMhTkVOv%2BVMCS8Z%2F5NYVctRZYqVBa7Crf4U
2024-11-29,小鬼拍到本智性恋心趴上了,29.7万,/l?e=12f0Btey38xV%2FUsHUbmRlqzgEOVNLXMgAmwcLIZQ%2FlYlPBx4PrssAK989xKhc2wK8WLLY1YNO9JhwBiaoFqgV574z0u8O1P%2BblxmT0FtutD8jAhtQXo7vgu2GmuVfLEK%2Fng6WLnjKbrwSDmub9r872PCG%2FqG88t%2Bd4XKEMi9Bpo4xEvrxm7KlcqwfssHtoGHt7uUO%2FLYnMh7P2n%2BvPB9pVMADY%2FYZoC5S69UUt6%2FfoO%2BhbNWT4k8Es2tZAccnOnwIJgDA71Sh7Fo%2F0rKSsLIhVtaaf8hoJ3JIYiB0VxZizRSW9y8ETRM0952PrQ0TCchTT9oplh4xGplxDzpZC8TbJAK7MDZyizh6gtMwjftnmlvIzIWIXAu
2024-11-29,外交部回应优衣库不用新疆棉,1388.1万阅读 | @国是直通车,/l?e=c38dn7yNQ%2FoIf%2FTpS1JJV5O%2BIf6o%2BjakcSHfaM1mVRB3QGI3jILIJ3or1mG3cnNdt5OP%2Bc9Sime3tqhJcwtec8qaYhbTsrNjJM5FBiaAm2Xh9GFssUvHufkmAZ7A9FXvtuaYLR2n03UMgEjMo4q9gB6kTDRtTrtaJNikNaE%2FtfaoTy%2FkPE7D31Yrwuy6eWz7Z17klN%2B%2FtwyLaYOIBRYjo6LadcLTHhV%2BIQEeG1FT7YLK3j0FRAjiPSQc4zBmc8j5R77qf18d2rIab9CjNmVQTjkRUoOrgRO2xQA04%2BoFXd45C8Iyqsh53J3I6Nurgmsnn7u%2FKwNo4pMWu9NQMA8xqI7SYrJK2%2FWKpS3%2FJAybmdk6B53AsG1bJ8JLqnUWo2yf%2BB0%2BvyZW
2024-11-29,李昊 活在我MP3里的歌手,11.8万,/l?e=1c94LmRdwgx3JEP1Rvl02tTMyHGZVufPSeZFKlFB597KVg1pz%2FmrimqIgwEJ8BhTmByE6wCjp3YSseP3OFU%2BhGo5Oy8Tx6sPBkJ3CnkPiHobxpwNPdMPfHl%2FjLugzL51mtIbm3Uf0riSGXJ7mJHkMSSL2Yt1PBRqnXbGuZjIWgFuQgml4xgYux38BenKTqRlG3vgTSjWzHelpR2ELvviDMCTBE9%2FS4h5ubEZ%2B%2Fs60ION%2BiLdvcPrE2ffqR%2FfZrBzmraVNfH%2BS98MVQsj%2FKZHo015wEs4tsYq8ox9NR9utA6BDKZIX4zPgo7uIQbPBIBW
2024-11-29,导致胃癌的6个高危因素,2463.4万阅读 | @人民日报,/l?e=1213iH1xehUJBws8e%2F0wSr7uppKNnN3FbW0MXuAwYcL8Sf3lRB4QR%2B0WHgn3z%2FWU6sgiZZ%2Fth09DXjVBQgB383sgsfKK%2Bhs%2BCp34ImSnbL3HVNpNH3%2F3pRlNRHgOqG1sCTf0q7qq9A9oUrtTqHqnDxmieUFSqQe5aTDfJBp%2BIjbzP57znTLuCZ6soLSSBKpp2aWxBVsmenFzX9JruWfdVHao4SXHfHFmX1we3fQRr0J7Uh1%2F%2BjkFQv%2BGhieAKskAdDSGJjflYYsKa2z172DABgiamdvNGjMW8ul00FmQmK29g9sxIBFvyWbpkyVvHPU1S0Ls86%2BDApBPQA
2024-11-29,扎根中国大地赓续中华文脉厚植学术根基,,/l?e=1f45MTCe7GfYhshRhUsiKR68kNaZH8vVFFKq58jxXF1VB%2B%2FHEMIeHWSVcI%2Bm81J74iS%2F3KhXUx%2BiEGpOJqnkBq5PFfUYDwXOFBRVuGDw9p1PwKgHlNM1n4zbKByBvmWp8WkLud8eco5fNRw9StKqkFxddPFLjtxc1o9MyZaySE1nL8dk5JL2d30%2BfYySgZ%2FVYDOTOGlPjQr421YhLUSwqBwqaaCUQVJQB1IguG4vKEy6Pqf7P2viDTmuknhRo35wHNZUg5Rqcd3raFuzQ2lTv9KddcCYcbyK2OTCgwWPsEPmg%2FqCLLG6mfVnHo3Ld5BuBks9nYgrr6nHJqYScfUePOY2GZZi26cE%2B6wx8iFj37Z%2FpnIQwmuKA%2F7lX%2FhZie0hGwhAJweFgNhvngxXKByycDesMcICLxh0ye%2ByWS1g%2FfCO8Ge6Y%2BfGPSvaXEgS9zSHw%2FmJCPor1F0tM6Db2Jl8jCr6EQzgo%2F4CZm6PCaVIcjOq
2024-11-29,猎捕野猪为什么这么难,201.1万阅读 | @新京报,/l?e=39d5hVypPnllgdwvJhYqWMv0E0fC2cmQO1bUcyBUCzOyVpNapPYxBxcVnfKGm7N%2BAwclTodmzdHceCCPcXfMGH%2B2Dtj9bpGsUzq3EMkeEFHEO1PZs6FRzq10FkwNGfR4KLokvhgxl1WiWwgBVV%2BjOJBzUG9t0Ow03Eg%2BY510WIkiW3PxNUPicVnEOvi3%2F8niTaxg1CxZF7O%2FuksU9kU3aP%2BhHyE060v%2Ftvw64RR5su0H%2FKvR%2BEB195u%2BMWgl7LSYGKnqjCW8bmQEO9Cs5qED%2FPE1yfOgCOPiRvZ3eguUsrmuRB5Ap%2BATa9gFiULs%2FJMSK7r4DYOU8Bah
2024-11-29,人民网评白夜破晓,31.4万,/l?e=aa07bvfL3h4MsmtWCMJu7ffG8YfGQ6gvgVumf8Pvc4jjZR8jrlOZ1q5vAv3d4tib6LHQ7k2ICrw06RrUIaD7%2B%2Bvo6eO16Pnm3n2x9hLUVkG83xIBxn7SdectRRuVxa7fT0fscM%2BPO8OWOUGh%2BCbtKnEH0ny8plU6K%2Bd1H0siRpzAwPRYsc4wLJQVXIVIFf794%2F%2FNduJzscL9b9g5TEWuo3vshtqJtTERXDZzYqBanBPqSr3hhBFeVetD7UJ%2FDiPnYPucfXPB7y1%2FOLleGSaaiIOf47r9UQ%2F4MeN9
2024-11-29,春晚官博回复檀健次春晚相关,晚会 888700,/l?e=88c5Tpwz6Fi3sWUlpi3Oeo4BGtQm430ImRhV5cjFIplH94KPi9IFhf9QDL3DX4uAbBJjnH3uEMSqlA9XnAT2zKS9AYSLL%2BTPCl7vH6vvh%2B4w9HRToPXVpPd844OhGm7on4nilA89PGaA9%2Bm1zBGEezH%2FCiDm6moZYrdexntqGiAIBJD9PjhRzu%2BbssiIirY1P9xDfTXC6oAg6XQs1VFFgAhBTpdfij3gWIVMLNxCSnQjJ2H0vVQENLaG%2BPPUa1ZbHborftYr2j5cfHaePQGNwPjSTk%2BudCRkKJdnEyHP235C0n%2B2u2bsAz0FPGFnkQ%2Bae%2FZ%2BNUuTxZSKOR1b1odOmZxk9rm%2FVayIf0u9sraZmqvolE1s09YpHebNcudcEGSWGEx77VcE
2024-11-29,悬疑片的反转应该这么拍,24.3万,/l?e=f2da5YtpTSHl8EQsUNzrmIq2rt2OoTu3XTYMf7uc9N5z55uXJ742d3PIss49FFID16E50fm3%2B4BicunG17Qbf6%2FEE43c2zkVypyWF%2FGOetd01fsimD0k%2Bo5jy2BJjXsftMTntXOR0%2BsTkYSe5oakSTspEPPhPAoUR8UOdVFEi%2B1f8F6QxAG9k7GoounoBRMVuEO3uarWEy9W0PXCgq7mTOwtlHC%2FKsSTli6SFXqxIQ5e%2BUPsOxfM%2B0OhQ7QMYY2VhRigEZFa9KkS8U%2F1VtksrcRCSo0JsTrYoCccnC9YLihVFV8ODKKUtpAgPDuG9b4E52J09DvFaFMeL%2FRv%2FZszeYBZOC2uAIG8
2024-11-29,Baolan晒传奇杯四强队长合照,21.8万,/l?e=ab16Fd9FFjIJUG0G2PzcN7RLroQ6Crr8uf35YdkbyUmh%2FJ1ZCZTlgAJhnV47gFZlpEFtAir6chP5xnjeVNOmruBHNRfX%2BD5JCWbFIMM0CJPYx7%2F%2FRqNSu%2FUkTvkZx%2BmhVzLldWai1pnV1JchIbCi3Q%2F6giESDISTC6rKCibUPHNqjATlxfE%2FLDL0Th6y5cn%2BJ2wOorzRuZByUTk2ILj5CQq%2FYi4dOwx3WqccLeKYBpXVSWp%2B20S1HiA4%2BYnoY%2BJxiN82MMx8Xzzd81pxxRFbJ24qz77Ux2BiC3cj6fw%2B3iUYyhfkeirXPyJH32LlxxOxfuSkLhN8LUJnK%2BFQM6vC
2024-11-29,小鬼王琳凯风尚志十一月music刊封面,13.5万,/l?e=0ec9hhf9Hut2RE%2BlNlO6C8CCFnZBJ5d58QsfsP%2Fj30NElybHgTUtd%2B75Dgpun3rOwev6G0iXGwu4mC0kwWpJjwhW0d4zQEqaJJsnAZnE1fGewF190SvjYqPd0hS%2Fq%2BLm3fNKGP%2FMnuWQiE8rQ3lY6nrtqfZputMxye09nBTqMTZ5nxUPkHWaT5%2FnvWiNoYci609zbbrpSjoxM8onkm3SbD8FVd5dgs6lBumsuakcdUZQt4Rf1Jwlgh52e4r%2F%2F6BkFMqEKge068VPwoWFt%2ByvMhHBmIZe98tRaw9lkXqRU7UAt3fBJ0zekkNkQIGYYhfv3cbdgwTfypNdqvAvvvKkayYShuczPlpTUBSu0FDEDj5ktR9FIJiTB6VE1ti3SCfFasdeN6WdaLhSa%2F4vlx6ncUWai6%2F5r5RhgGI
2024-11-29,金玟庭演唱玉氏夫人传OST,16.6万,/l?e=a14eNpx0c91oSStNa7bkBix4m5RZMSj7kHpUu9TY33tX1kroUOMrtTpEUuDRX2RfmNMx8HpaeyECgE0uBlRO00CCXaxnaRSKovK0JYZCauy9rRXeuRToeg%2F5MZfcS2iaTmkGuqUXvPGfszJjFl9p9ue8FP2sk%2FRhQhSUKnVO2uE2bjSQ52vwwXBkqbgSNRD9v7BJWWQea6GhFS21wppwOOXQJkmLt8fRDXu5cyDKQHbrEup%2FV%2BvHb94Y9azIcdzBmZ04dMbKgavXGuLR9YXaVq%2BqmhjxaponMkhlmS7lJJR2iXJtkTXKh3KdiFwkgVkn9E%2FN8CPcIDzmVrEj
2024-11-29,打游戏一直稳是什么体验,22.1万,/l?e=345f5q%2FHpOOAQkBGzRY9lG8QLN5kQ3aYIrIb1AcT3xXc0DjGgIDQvH%2Fsb11Of4EbtWZkYQpHivWKV%2FQp%2FvP4FB%2BVHBj7rRt8iI853Yxn1R%2Fl4iuyLk%2BAIcRuN45n1A4pBjtKSwenQCY19yDXSeFEMA%2BtyyagzhodlnNAdbQfis7yk%2B14z7ZGaRxyOiEN4lk%2FMPPeYkK%2Ff3%2Bt%2BnMzy4LxOu4EUawPNToVzD%2BXhhaKOGFS%2BrIEgtpfu%2F3ISYD1nCuPyleHhnUgllfUUAx85Ng8xid1AL8eGeX2GjLQA90OpjA8y2Fo1cAiQD26zGFPefYE%2BiZIdVT8J8HLd%2BVRvTNAmn9TRIoa%2FD9V
2024-11-29,儿媳控告公婆未经允许在客厅安监控,281.2万阅读 | @大参考,/l?e=d718cTNlpDqIAogMyeSjVhDu7NQMY4OwM257TU6SiMB4rZtdw8ZC%2FPL%2B7DqnDG%2FMELkgoH%2F2uXPbO56fTygsl10c25ASXf1Rc3lRlT1Zqh6ihuNoxbNa0AE3tK0j8FpMLVVLX6PyEaCzEbj45%2BmKmXEhLLj1lezU9cSQ1q33oV6Ecu89cNh%2BjgE%2Bg3X6f8SA7XIK9Zjo6AGkcsJ6wI%2BE5AdRdu2Q28iN5Hh02qKFCeq2iIcCFkrQ2ougteKCs7w50i63PhT4CfU7hDhy2MMmwC%2Bose58yVB2uE6YtRGEKMO3my8zr6J9Sm9yHxmZgTIpvKum%2B35O2bmIr7w8ogD6hmnw8Jo6qFdqdkBCBU9uppNpNNbjqryjWqHBBvLG15TSKubghpSP2SAy0rAScgTJUByQ4J6U9sSWw7MyifH5W0idCFizPL0lr0v6oyfPce2D1eNu
2024-11-29,蛇年春晚标识有什么寓意,700.0万阅读 | @央视网,/l?e=ba9dw8uj547NlkPi0YUtSSB6eHZH6WFvt2agea%2Fb73f%2BGzX7RTRZ8vQW2X5OTYUkDx18ySx3uRxDNlqXy13%2BzCxas9KpYjEzMNOEQroe2ePo7S%2BOJ7ZKLXkYNXSCz6sO6DsZigPxeoivHYHCVyRrxQUcJW0QHpO0ms41Kl7ADf%2BP4uNZL5JMhqiwHmeOpRSQkXHBX2RlzR%2FMbg1EkbSozkNtkBE%2Fy9GdFinc55t3jzg61HdjlhoqPF1J9s4M%2FGbElSvien%2B2KkVNNiUoK3N2WYtgTydf3oGGJnSniLbz0dEqKM03NgzzLe85HYUoyHbNBVYaeOJr%2ByUqferCqn7fOpi3yC7Iv983
2024-11-29,贺峻霖求旅行攻略,综艺 207666,/l?e=6caf1eLEEnzWpBcKnRNagOZdqm%2BVflbcJle%2BFwoQaxwqmjLagRcN85SLBl6O4Onu0oQeUsA6D0Q3dSkSkZp5tWsQgwjbvRUmk%2FDY%2BXZnD81P2%2FZmNHclJzZm80mnM4nSETYjk7GaQT6j8sG86uG0VsMXYxXdXPn4k%2B0sYKaqRkczlYqrwmgSUre%2FQ270sAb%2B5VgFGgWx2VXJcDaldOxlcq6QefdnvZrhIgYzS%2BXaEmLv55jGQwD0bEtBD6viogXFdKfRdh4NYWzIH1aBB8yvvwaqYHhdDpicjbnp
2024-11-29,一降温就流感的体质怎么破,23.5万,/l?e=c8f70uoe2PZwL0uaxVcvKAKqDjpYxd%2FGdqGspmb23xx8rYzyjwzbp45H33m%2BTtQr27qGsjqKU%2FDFFAXITaBmHt8acX1dLhSeSudaPb9QW16nIP7L%2BY6IoUdQ%2F80zTbisR4%2FQVhRTj3k7OuasFEoN3UB%2FOH9oy6i6dHtDZNt2znxSRJGGlZo1gAmLwcAinteAyTGa8vHPYPV%2FfDJLyA23UFDqfo3Y4PKG7lsoN2%2Bq9T8CnwbpSgYFTVZJ9WyI1QKEMKfCklPcxg0P4323MepqgA9d4oElCX4UOHtbdurIQ%2FVdFt6He%2FhebHbRJJTUpWGDWZa1TakRTnfgauws89G1h2gaK7aOXx0fyEZXRFnWO7HWXd6b68Ea
2024-11-29,黑西装是杨洋的统治区,13.8万,/l?e=8bb3kd573PsgK%2FzLnOGdsuemvYUeRpQhczFrQ1uI7NyMAbDP9%2FyVn4kLa0UW5%2FI6219sIGIUWhpBI%2FLxPCE00AAdt%2FrGEa1qH5w4%2BL0Gg0DO8AzniljECfQsf9k9LTQla4ooytR2f%2FjsPUTZnb9ROaZP1kPv3VfHO%2FidOHzhHHTejsHL%2F%2F2K2qvLOi2GV%2BsU17XSUnxz3c5lUYaT85xLiviN3ZMZKqc4pk8jQS3qkSMYmhyUyumpLrdge0rR3PE%2FfqHVlJ8gOtKH%2BP5RSCTkxdlffOQIe4ffvvqsoZoHgrNuWZ06lY%2BlAlPTx3KWspBOozFdfjFEVDkZ
2024-11-29,郑思维拥有7个世界冠军头衔,16.2万,/l?e=3b4aI6i2gcLRh5hP2EHPIQtcJAf%2FRF7YDOecUvDupknhx0nCLBR3XTpCTLqfTox%2BZ9QrRSin7HCHM%2F%2BaeXoaO2W%2B6ee4%2FCLdhdA0dBbLgK42N2y8HX09rrpK6OOewMsBivOIqlna21ju79lWQwhJSbQUdEEv1s99TwHedyL1DWbe0q45tZzX9ITsfKMkms2RSltjzKiUFUXoyJW0wqZ%2BSMZgnWPBL%2FFMJXVuK2Fin28e2cL46ma8FcpRaIgZS6321fwmAFcrKRI1sT4vGorP1oUe%2F3QbtN453Tmi%2Byt1VScumPRtNn%2F3KrxN%2BBGR%2FSwf45CfsMHSLM5%2BrKbD%2Fltst6csUXaIxDbpila6Bonf51Zb6Y06DMKuCw
2024-11-29,中俄第9次联合空中战略巡航,12.2万,/l?e=8d0djeQq2o2wfNGxLBQ0cDrVs8zzM0jsdV%2BzR0jYsGrGKTYRAwrWMcWAB5QKGJTdOI3b3oNZ6A6WQq6kv9y2Sc0BasD1oyWFSfCBUuL3DsXBfVyDej5QecO0Qaz4dnoHYGZKqUyym2dO53tkhkN%2BAuXdsPA9hjxXYtb%2FBw9xXC9qv3EANRfyhaT5hcNc3Bz1SI%2Fkwfu3VwIwoEvwseUNN75C7SeGnoxW3WrB2SYa4X1Ntd3TiJzgqkKhLJXwUPTGszYa7wqMCZIYammu8dMCrJEN%2FRSTvA017Ay22G3xZT%2FuGKgYKVPJGZy6enizim3zpWauGGX0dLbsHbUSY2Pf7jW1g5epdczzGhNNjl0Un%2BE1ing368dP%2Fg
2024-11-29,王勉 现在是个综艺咖,综艺 111890,/l?e=9c2eRWyu02LPFdrxFGbM6y4h%2FRrJJNblnNV1XReR399waRp5K4AAtUdDP5Id71qg5fTxY%2Ff3uWflCCYm6WXwDj4B8wlFJkkw2fxYF873LaGkqQvucrjWt7AB6y0%2B4zUujaBULhyiKOsi62kUDn450YKPJbPZhkohL2bUUYvlSzRVCyviwdupuOcj7FOY0gfPdL8CS%2BDea7QpHDn1KxeZJlR9k8NdEqY4kcOYn4D7Styxw0s6cal3RNlWu66D0XKq8garZK2UaZ%2BXiMGC7mizzo7XHw%2F5mcPMoKGQ%2FSeAqnU0nL8snNpQ7MOhrdfy
2024-11-29,官方公布冷藏车厢内8人窒息死亡详情,401.5万阅读 | @新闻晨报,/l?e=3df2DFDQwbp2o5WgdewVSofqPmTZSMgy7Eld1ePeXpB6IeDbc8jvNfxqZ2UhZyu5Bk%2BUC8E9jVS3QpKO5dmhmrUXmNUBk0snOdVj6pqpJ%2BALwh%2Fphvxrh1jidW7NFMyCFp6tMmznRcBmwQ5R6EQcn9h%2Bu0p%2BfmjB87kPpHCbDLuI%2BGZyLfXEcqGr4Vh5T4MSUVOLwaOY%2Fh%2BTd14F9O3U20MZdH%2Bv9cd833VSz88kD2kIiT%2B%2FVYOZyrHSAShHCwjW2MhCU982tbOAk1iL65U536nYwEUQ21jaWPRchyQnmvMevsQ0t0B3RoaVPwinZUhF29%2FV91RyKYaWl2zO0IvxLPB7LLZst8dLw6qKYbRDaaqU11LWFJCq6W8HPvp5YpLp7Cyb%2FBD35I4UGd5d6aJyEeajVCR%2BXb5ltafhl4k8AyGf2mxmV2SO1DkbbOZ9MvXOr8Fd%2BA
2024-11-29,欢迎进入中女造饼时代,12.6万,/l?e=3c44dbuYx3Q9bEN7lwBLStvuitOmKkR07ycub0FeWh3%2Fq4LoVDKi7aExlbx11mHIkgfVlKM9JNOiUcOwBr1cCf6f%2BxjS74iVsN%2BfDjSSiRWmZAteHdpDtKxr37CXUsZn5nmiSelhPskThL22s0n9G40F6FjalX0%2BcJPHsUekuJ1Tp65EtkEFlIBF3J8%2FNLiyu%2BE%2FZ6FFs5Ap3vt7ouHLaeLdbkp5ewzPmCYZK2ckZe3ekqsiLD1nhalmJUe%2F4R2vFVRIfDp9U9shwL2893dl%2F9sKoUiQIsna3GaCY%2BqY%2F8YzZX9pWH%2FU3scdQhhPgDnCKR3gwucMWtfB
2024-11-29,中国游客在马尔代夫潜水遭鲨鱼咬头,21.5万,/l?e=2742JsFBNRoxcTaGlnFAFn1MH2x8tjq9IUPb8Iu%2F37SylgPhMNgbskf%2F3jzMP9iegv0vmiRmX0tl2Qbz8gwt2acLD%2F6ejwcnvIXMrc7dS7B0dXfSamLABEu21Ngd7UASIzkZAefDaOlpt2hkwmsYLb0C72e1TPFfL5mt2%2BRu7Cq%2F6c93KI5MYQSAtoq081t4BlpXsHVrIl0Kdl75x8lk%2Fzt4P3d3svYW9ugJzZMbTlFlBDlJ%2FkZufysSI0uxqdr2ICUB4YTTBKYO0QqnD%2BjGuZ7mVaqKOWxkrcfKqzeR0h7AlJDxc5YQGr8lY94o3To0ws8ddo7mdajM9DfIzPgpHQVMdgJyLDYpm79%2BQBamIVzsr87roLBSHHFybXymPQmRgWQJf3LMVzU8P7AHnK0xY5zbbSTBo41bIFpoQDOGM8YYtrJBiKMLOu3gYJmbw9z29ueg
2024-11-29,侵华日军日记描述南京尸体如山,455.0万阅读 | @央视新闻,/l?e=5d38vCSbbUib11YjR9Qvv5J7SaqbtWlLwdPIt92gXQ4Z8D1xRv%2FE7vgwnMIErHkcHJbpvB3wR0HXvZn6Mg0P354rl1pWyzUq4NS9B%2BrflUUn3BDoyVMe0YnI5cB4Gz5keSifxEKco6NBfMHltNz6oztLR0uUK%2BFUz4V2CmpbV8%2FPtdI7RO0SBjQZk4Mm9KjKFbOCzarhHOOVSb5PtQaTVkfibM6Gcy5TM8tdt%2BVeDnldjVYZLU6R4F%2FAzo00n33gb54N9DPxs9bgOq4XGOFWoX5T5PSubqpJhWHDjOiSYZCaVFdMFjGUFVCCLlvY9kpU3sCI4w%2BFPwgyfpIAQPoRe9mAZJu6UPdqocZVnsO7qpvW%2F8oYjxLtR8vm01eGh5w8Vfkyv1meclirEAHYp%2Fqxkc%2Bpl6%2Bm
2024-11-29,古巨基钻石败犬live首秀,演出 134988,/l?e=46058WMLSGSkhMupWJV7PtNW1avfAieXbHXucKllsx3eSRpNh6HT7k7%2B1XkB%2FyPiVAvSCRnS1j3B1pKTh7bbSUKrglxZcXrVCoDRQGIk76KFmx22SdaNx%2FJ%2FHj7xS5NLG7WagEEdeZ095qfLa37agNpiAh0HZrgEzpVtNmcJZCRQiOEMCtbOybkf9Pspvau764dI%2FAoXISjHo3esykdfzgPtvQoFywjSCIDMs2kU0yysnF52FpFzy%2BA3XiafuiNqGG0t4SQaoeCiBJb6AlOgjm8VyXHbfSXnyFlLAC%2Frc3uL5P5ukH2aaAV6KTFsxQ
2024-11-29,巴黎世家售出8天后要顾客补1147元,66.9万,/l?e=c049k1d23P3YdxcYTsbc5p0VI4Q2VfhrMUJWQEolG%2BJ3qwQ%2BPAZ9v1UFqfQ8tFuu%2BFAw%2BJxhP7y5610WvlLUcGID3wHJm17HmhmaBCRU8jvTnc68LBdbp61Yg511OwQH3HkGQDUKlhy0lR%2BzRFD05aOrUrSn4UJ6Ba2vAx%2BjrOm8oV2LU6kjXl229exitcyCs6%2BnOtCWD2ekUvr38S5oRM4ST805t0g%2FtqEoM3%2F4dfvFFedr6ZfSFXQggr4QsgIpIyqaAnRSA%2BgtNkibB4nOo%2BtZykt%2F4q92%2Ff%2FCx8OYtvV442GnyW%2FVQ8d%2F0ecV3fQQUKttuDMyY2NBs1XjKhFW3cYyHIYHzdurn7Tmj5WkJI%2FRuHP%2BI07O3UCrCMdPDV5cGkssUt%2FxVQvefx4
2024-11-29,虞书欣丁禹兮意林少年版,剧集 137691,/l?e=cf4ff%2B6HGOi9rQsPCL8e0PB5zN9QAaM%2FcUo9ugAithXSX%2BQAFAV8QPX%2BIhiJWe9xr8H9laCvBdNzwadSOnWOpg5STn62JHbGpXLQJHi6VqhT%2FcdEPA5J4SE51RuD7heOJ5XL%2BJWFNrq47rTwRIFojLG0u7Rq28bW5gsYSliotsXaUBrYc6KXnCJp2btPv86iiYefBIsZdaw%2FdPHGd4kPM%2BNQdiIgklaa26HeRq2FwW7lBO0t0vX91%2BH98PZRwCDurPZlOwjTCRXrO6wy6RlnOku6IUhfrYmWZcRr0H62j4DK6jHIEDrG%2F9N1NrVUGp3rAX9YSAkusKTRjzb1HVLKMCid7igCSEL2
2024-11-29,TES官宣Meiko离队,12.9万,/l?e=5a1dnWxUVG4HjEpOoiXU80uSlCeakaJy32VBMg6r72n6EH0T%2FgK8ijM22t1lSHHMdgqdIPIWIBaDSvgLtzEZucL2xOHDlKZlpE5MHeWDOUPTzMhb8VNck8%2FZfjMSKPPsERCdRADfFNY7l1xzYMUHrhpmrqsM8H%2FzdFDpyzckwiVGcn9NoZ%2FefhMGzraznhpnooGtj37bU8nTEp8p7WcWkNztq20hasQ
2024-11-29,唐嫣灰紫发色,音乐 110851,/l?e=b5f5GDSi92wpHFj%2FGyop0M8ZL74fXhEgLp55t%2BWlu6WFkU2f8KBXe7gCT6FxWnFO4Oy2WnT%2FBFIw1IXuxvrbyAmpMS%2B1Y3DCgVF6jf2GhY8IWd8JiyqwO9sukKMhAgSyfVrAJQpDiiLkgsBFA6b8prQpkqyogbi0Bps9Ajhqa93McmJLXueg%2Bs0yailr4DDxoKUE4H4p7n7D6E4LeoN1HJ4KMCIICrADESVd2sb5J2wgFjWZmA0aDUkm5m9X
2024-11-29,韩国人的精致穷,40.6万,/l?e=1f73WjMV1uegcjhcMUy%2FldhFzUt0b7KgCLbClURl5AvXKQH7mxeWOGZv19wvC9YEKkyFrDsOJNH266%2FSxIzy5jx6N2k0yIZuvbilxqCRHbhdO4xtdfv3SYeDp%2BjPOMlmasK2JP0cljIbLlc6s%2FrGVOneZmqTx2rd2d%2Byfxp81yYupdkd14v5brlr4%2BPNEIt0v%2BIR45wv7c75GKbIpxM80Kd0rWfFOPkJmKQaDAo5NWubI0sREd1jPCSCVlBeBjD%2FAPRauuIl1QdDrfLf
2024-11-29,林一长沙活动取消,20.1万,/l?e=2143lmWFXDqAPLFhXT8EoWKDFIf8OXYR8BnWNlCRMs1vCFdiw6U1HBqcVMNFFzTkFMQNvq%2Fd%2BOxFFkK3S79OYDiwvmyUq%2FK8pC3R0fZqX5kO9QRRzbSktngGsmH0XqPyP%2FD%2BN6BN9QSSrvbTBwI4VVaop04gUYnBzvmv7UJdM8HSm5DVeXeTACB%2FfUbZ4a5lKW2rj18D%2B3Qsx7w06XN4nZRRDN2oxPBTLY5vFm6hFd35Zm%2FQMcgtOiH%2BUayEtxxeHSXe%2BiDVq%2BGUrjaSbbg8IRS4HhjcC7VlSfG%2B
2024-11-29,年轻人买的水果半数是情感商品,14.2万,/l?e=ef6ai4g5x8P8cqeSYfBP6PIKDG4FoN2BhPIK4ZLbz9cUi26chnPaa89G8JjfDFR%2FCAq%2FDGhIapNSLQQMnqWtBbfL7dpd86miK7DhdzyC9aufoSjyY3fr15f6uZ%2FoJNSHbJA%2F2ZO8RwI8xZQdXOVRDhF8yAfH9%2B7BIRRL74f48ezmidZEAcZM0tJ7bpaEKVdaurXn2B1Pp2vXA7OD5wvlYEH19AGy%2FmJN3eva5YATBsLEwrLPES6UtPDuvn%2BOkOIgGTftZOT8uYuG%2BMrWZzndAye2pYOp9dtrg5Fnf8bsjdDeQdbluQa483M7MvJJw5yzDb4C2AGz0r6v9yCxDjfKESGc5mokkbNamjufrQokEXdV6ix3pcHnifHmuDuCWkYtiu1TYHgjJnd6vpZNj%2BMNfYlMLa83
2024-11-29,林一霸王茶姬活动,13.0万,/l?e=2893tCmSpcuolWVTtygt5LCFza1mUJrgPmbW5wVTAQL2Mpj3dO6I%2BICXumBAwDaHhGOoj05z2RJ8I%2FXtWkCh7wLNMf0%2Bu3Uf1hDwQzC6XOcsO1c27UOa1IaMZwFyXx6PYzlgdCMMSqmu88nIeaAmTFUny6x4SmnVs5e%2BUoTmF6Tz2CQ6fiQ8U3AIWH8Dy5WwIicrbqsLMGe%2BEaDWpyZ%2FrBh9I3WXCK%2Bgj%2FzXLk36AAIQy4qHaS%2FkzrhYifZO8Iw%2FN%2BK3zWBbxzrTKY2lyKuHwViMIoOqFVO3TQC4
2024-11-29,侯明昊无处安放的手,11.7万,/l?e=7182SvKFWFGExiUlQF2j8akCWefRw0fvkBEJ%2BCJHZFw0BeEsSjFxsQk1Lvc77Y7hlD3%2FRc8teqMOPdQ0DNAPqghDvYzDDikjSa%2BoBNpLaUIgCLhnbllxMQ28Zbb8XxtPv%2BrYIMS1sK5cA7TzKHtz7rKO5tlC5O1MygnhgGKQdLfAfcO%2BwB2xDtxF4a7IvzHClD%2FedW54KE1W%2F06rXqtAGCafo%2BeZhdeAV7sKU8laYeY5pfc1gntlVcqn1%2BFiggSEaE4DV9Wgj%2FeNDImHz5xRib4U6Dck5EydlbvzDH7IIqFDTaPsd4IGRKnn
2024-11-29,上海体博会真的太好逛了,12.5万,/l?e=edfaNQ4UGkqsnEjpUr7O1ptzX5kOwvc0VUjjIbhs2hGgGOj5Ck4MMou2Stft%2FA1C3wGpevt3h8VTNt8pW%2BJWfrOIkqLVk%2B48L9IsfWe0xQcsZTesjqsnof%2FsV8XiV5ZkIfq2KFxQpR%2BZO%2FRNBYpU2xaQLoZHtZcFo02H1BLHYZNATBPcDEsprgj5Ze8VbelrXoLEqt2hyLmhyNF1EQxOhzhFGJtaJaOPLMwiSJW%2BsYRKNEkMcfmp1DDWr6TWpRJdRmXGID3GFGilqxHZ1kZQDB2%2FBt1olkapNUZnY4aBi%2FP94NnuWo9hq5jKqf3QDiimeIl2FS%2BshpTXF9DcU7h1XpWt8Tzb1fmJ
2024-11-29,容祖儿心淡全场大合唱,综艺 134258,/l?e=13d5rEr7RqK4DkTmxPB%2FFBL%2FEEB7dh8UBRo2trbA1NP67h6os%2FbRp%2FXHSXNpXBh4WePHDXT9PjU%2BDJ7nTqNjP5F3iJAfHUkn7XPbhqbTr5j0QQ56mUK7fL6n%2FYwjMui99KUlLqSOjT7PiKNksfHfpZx8YeuhvaCTuz1zsAVS7UbbQmsiNnzliIb2OzmY%2FsY4nYg5a0YF4LJM5vXR%2BMLCLJ9r146cD62hcD7Xn8WBhAGXAJpC5N%2FAD8y2XTPMko%2BB8QaKALY5SM70z5s7mOtbsbYlMdnXJjbmXeZhDO82N2vYba4hrKzTza9%2B%2FwHIrpwoAERwfw%2FD6%2Bna
2024-11-29,王源头像P了个新帽子,17.3万,/l?e=c8f64HjjFGvNlTC3e%2BP%2FO%2BgLMqZdcoLcRSF0c3YDYVkLAAIYN0hx%2FffFoIR95L%2B0fXUSkTdwnBQCOQTJo67Q4BQY4ctDR4w1BCPPvYjRczIWi85Zwzbah713hHeiY21FlfXjSg85xVsOg%2Bqjk1gsMhPTDXXB0MIEd590uhth0AUzhV42gGiMXlXtxRSsGByeOKUoEN9tcx1lJaYjzLUXDm6MzQpsYHpYWXjbCpAz8iQaUSjHv5u0Xa5sz0M9Kgo0738DByoKeuyUmap3DlklYll3YvIJUft8ksEVXTEmDhQD6GA%2BDSOvPaKwUA
2024-11-29,再见爱人4第七期视频没了,综艺 334653,/l?e=1eb5SlU37U9shrE%2FZ%2Fa2Od7YXFTXdFS%2FuTFzSy6aa%2BDeRV2WqyvD8kKPOYCqDXncrr2bwcJrg2CrxMTSg5wiGlo%2BjCv9X3CzbL2pCl5rq5UCv8dmnEmQZYyXcKjw%2Bl6ha%2BZdEu0mKJrsHkuXyDndO9Fks1KtIvxLWbxfWzwCkHXQlcLNPd5dijKZB4H8ogM607pA4Bg%2F7UAy%2B8NPG6%2F15y0wptDNR%2FY4c%2FAiK7Nj1pmo9nrnO0mnDTuQU0vHm3NBYL%2Bp9AOY6C0tiZagPC68MJcfcsG30U6MU5F8I%2BVwLRd6pjwYdqLTu%2FVXUMTe5KM2WEeuBd4xeMN1ZKtgCeEmhLDJLTuY0MJNhQ
2024-11-29,优衣库创始人言论争议,19.0万,/l?e=42f5Ow%2F18PYa1IGV%2FgZJofB4CwdECFTMTJ7Kn%2Bm31hCnYjQiKvgJoPlFTmn%2Fw%2BP1LjiSwLrnVtyrr4ccUjDnpogtH1U0EQ7KNubI7mKZNBgVrHT2DRQBMHhDcmN1u0zbAKXo0dadIpJUBYU0rnNgcJApWa4G6sxb6xExut77KJqwsfAKPLbci%2FbiT51XSXk46rHkHxV6UCRKzundsGGxAuM1GTNSC21WM9pDKF9b%2B6S3kaC6vBBb8jcVBWH19O0zll3tJoeBPP%2Bzp3sPeOkUIojTBtW4DbcXmsCi4JPHbz%2FaNcOU1wdQv%2BCSF1pGy9PE0ijCcTXw5sLK
2024-11-29,丁禹兮看人深情是因为六百度近视,综艺 132684,/l?e=520ePirEBc7908%2BY5VxCaA0BLJK9Iz0jCrDyxOskXkhIETr735%2BpgAK3vzXHCArtlS8eJz4nr5KDkOD4dhas4KOhbWaq3o2oLw85IKSXkK%2FbRjdgqOL5APHWuRCdl8f%2FH%2FRymq%2BiPdDWCDkK5F7fceKDx%2FlqjqiEmRCspDbzWZgPyLuO%2F15nGg%2F2lkszRrxvm4VaPBP6cRDGhBmEgLQtTX0H985jt66E5jSgF5L64bAJP42j%2FYGCKvP4UnRhp6YkyLKipa26d0WZH9gTZ7ASUdu%2Fp478RdW3bUI%2Fj2%2FFlEh2ImchqJSjSMwHSz4KqCYdg0yZnojLNcpHstXNNxA2YrNPmPAcNhGIhISn7FsQLN0HdBx%2Bj6x8eAqQXioVBli78K%2BNWFFDaLuffIvXz4t9EaY4XUKfGcL1WoRwGzLC0vXQ7%2F8Z
2024-11-29,奥斯卡宁荣荣 新还珠格格,剧集 123615,/l?e=fcfa04e6DTPGs0dpLouF7Dtzd09jV%2FxdZsMLamGV37K%2BkKuK%2FwYhqGCYJs8UxI3oMDHpPD%2FOoSBFFM45VEcprg6ehnwDPyJM6gwH9yGAvVuFc%2FFQg6pbLTuyMjcmr6AhoRdV8EqzcbTrEh38LZgcljZofrQU7wDWushOmhZnYAnNugny%2BVZpR2Ugdj6xTgbNOG%2FNMNi%2BZp8mRiTxAGn%2F0E61wCEPGehG7MKhxAQGY9HPNYvp4pnIQYsGSm5OJ0jjfHAIC2vjC3MEfr8i11f8zV7SsKAsjXT8Rysy0ruUl0rAn%2FrsbbNG1%2FrpET%2FznDFir%2Bdl6D8OFurFZIKYNVvEeiBmsdKGH%2BA8A8MV
2024-11-29,丁禹兮 包治百病,15.1万,/l?e=67d39eNL%2FT3EGQ81CO07SOrq20IsnemQ6FoDEt77QMKTic0IGqgEeIJBe46OmO6o%2BA%2B3Ec5uPOYd4u8u9eGJ3rmPcQiF6kW35MLNoMj6DdM6roSF0yKyg2EE3aSbLC3ctv43Lt3t1AF9k%2BO7Xm2WUILA8vMGXQlywk34Xwvm4b5Q4RGzvLeXEmaBTi%2Bb79WTax11RTB%2BLxKt%2BjfASBmTHgptfSe9ZkQQNwtKXj%2FLjSYQhGJJOnIQ4m8df0EkSTAqwA%2FULN89sC3U46rrOaAI
2024-11-29,孩童被未拴绳狗咬21天主人未现身,297.3万阅读 | @百姓关注,/l?e=a0e6C%2BmL0aRoiCVTDlTvwljbnV1TZ%2Fq15f%2BGD%2FhYco6Ewc2F8OMfzQmDi9x%2BowxOvvFuZGtKUsisPveF%2BCGuCAXejD2p8TyFRKXRlMMf8n95JAUHfE04k7xktU4R%2FTw4ch8FVjK97alrb6Jo130yMcqx4ck3oog7gqmhO6DTaiBnwgOfi2DZLDkF8jrjAn2z6WuSy21%2BvjV%2BG%2Bz6Xa1it8Lboa%2FV2eQ0DEgtYRnWqz9T88F4urkCwfpa1s0%2FbyTXSdC5jTgaXFiJ8fMdFDkGsAXJ4HwVm70cek5mzgK6I466QBg206Rf53k5pXb9VDAkD1ommcsQgDhtAdwvt7x16wtjrFFy1sn2OegemzgXcnOpIg1jQFtRn9Y7u1UNcHg78qQLn59f3h%2FHrChiw1YCHc5MnU47JoQ
2024-11-29,MRC对战GW,13.3万,/l?e=7607WwVqfSqdmn4FMMrGKWZeSGRqEtnFPgnLGVbRfOCTtBhQucYjoA9c8oT1VpQxQ7pk0Oc0i%2BSGTfTngL29%2BB3oUyfALhfyDG9IPKLkzRUUCIx5c9mhE6tCZVrUsfa%2BAtixR3OyaxjFdAvdyvtjftSu7qyNO2W7D67XWUPg7KHqDZ0AGmQ
2024-11-29,有毛利兰陪伴的夏天和秋天,18.0万,/l?e=dce3uxcbRbazbxiDYPX0Xsmt%2Bq577M2I1jMCZnISGavOAgqIX0BHYRo0VTBoOmyMr36vCVDGcE%2FrEsIVlR7ONq3huItwzmr54CnB%2FfJAyVPKi9ZnkkMGwbpO%2BH7c%2FuV3EynTVizlK8OGMilWk3PPbj21RHi9i4OW31kmOITTVtkU8%2FPYj7iS3eNG4RAq22zTWedI2O513vIcVSIAh8q%2FwrPBJb1xhXYUieQb0gVHA1K9BnurlN1oVfdfFNS7k5eSpBN9Z%2FMMsRepYLoseOuILWkE0gMVzZv1ve%2B3k4PQ5ZkT2LqFmjrLJ4%2BMuXMgDXJzn16CLS5d0zapoJ2YMdMJoYRLgqNAZhQ0fAJJLF5cI%2BzeIIUmMzyh
2024-11-29,南宁一家长称15岁女儿孕期被砍伤,11.7万,/l?e=1a392JAkpSSJZjjIVzTARf1UDacL7nyK7DfzEjAN8940rw9mLjWrIZfmqezI9Juu8yuRnOcI8%2Fg2a7LEnbcKrHZys%2FA8MiAy4EB1GHmGvBpbmtYi42crzzI3arqD%2BJoHxkv6hevSSm8ZrYf3RyX5GLOR8YKlTf2qnVsnMTBLat6QQgAqwBWG%2F7F6pssHrH6aqT0TkFE6dm9HhcVtrvAl53YvXzWb8eLuqyxc%2B5sgjrmiXEPNlLADtkFBvkHRGj9VhImQs0fjPp6PWVKe4MZa77ntEX%2B%2BnOYUe7PAK5EXjPJiQejRBpGgO1dF0iGIow%2BhfjLLUkS9h2TfTYKoT3saduKbz3hGs%2FsXOCz%2FG5qmkFf9FdSXxK3SUTLXM9IiMd%2FyVeXanu%2BkyrBgSD4xWI3h3%2B3ZRRNhc4w
2024-11-29,杨子黄圣依 人设,综艺 110717,/l?e=f435Ku7kvTZSGqQ%2BRZxWTaxRGosftJ4gp2EjdjEqG8mnl5y7qPokwrCApd1TRPKkEP5Y2zGMxRVowBtUIhmxKCCpF%2BnBlFF3HSLOo%2BPCFD4r0nSyi8vt625I5zRH3FMcQ9lHQjWdLwb%2BnjLwiom2u6aafhUTbqAPHagz2eYNODmsHfGegYdcPiV%2FI0jgWaDNuPbdS8HeYrOCFoEH0Vkb0ruMrLaVlBGPCN3yp%2BzXtqz21z0BYaXi7p%2BUhgKubrqnHNeYIZ9dzV4S9G5Liyky
2024-11-29,张予曦 初生天使,剧集 127019,/l?e=3259XbxTbcQnVUHFvNU4epv91L79gQzyE2ilz6kexsrK1gbV7f1e2W54X6U328QwE4%2BOVjY%2F2XRrcb18ZBpwPur29CNgExomSB81rwZ4ZxKcPeZu96YDV5VfdEzFfhg8Tvry%2F0%2B0cGhfmOTcZB8%2B8gka3ba0YhhZPRW6Oz%2BTgbdfKSYq6jZgei7cQIjaTqOqRtT2J0Z5gLvkWc5ooWRihFZsoA1Oo%2BF0lIbB%2B5Plr3TpDC8hHfnVWD6aK18ShZazHTNg6CHemyZ6lPFA%2FeOa
2024-11-29,3人1分钟抢劫金店价值千万财物,15.1万,/l?e=329dnp9h7GDbV6v3RSjqkm0ci8jsCAVeld6PP0kKGrCbP%2BVjQmLs5aXNkLSXX5At1NgU1foNJN7l8yJKbS%2Fi9jBeaiHypF0WuRFM53xMmrQNSt9hzoYtubLylhrSLMEdzSc9Zy6CcLO2wsBMUzYrxUHFk0ePReztq5%2B3iHH8wCm8rEQelHwDiS%2F90mYQywHpE6gyYUhxpuAA3wP4PzGtEYOlUJEhmeq%2BPz8Kuex7Tuqp7GlaelDIxaG1bOLk16BGPvDkWIgrXuljYKBNoDBk4rW4ij2DliVtdtBzJisqsgN7TpqV3ic7gWYXfulMsmMD7rQf3193Ua01VM0v8uC06phMyAFz%2By6U%2F2POS%2BvAjIvL8vDhnPi3Onw3eck%2FWVd80D9UxkZUjuo
2024-11-29,派出所回应山东一金店被抢,721.0万阅读 | @大象新闻,/l?e=8790lgnN2Jxwt3t4G8z%2BybyN2vX7pUsi1VD19Pc%2BXEhFKma6ZBcIYtnNhg8bp9cYNfQtNLWKu9LwSaj0FW%2Fln8mbpEBkhpvjZClNawY%2B%2F9iLlWF466qdKRx2XLaVisjONFmIkC%2FOkt2v7SlSNH0OC3tyvX2bPleqDUQTwlbuSgeXJUBtXYn0q3hqRxwaE60oDhBfh1NrvK538yPkZzsr8UtADsHGbLBLKiIwgyBmd9OICtF24kt7f4CpgonY4R1gqYoPNYeGa%2BJV4x1hecYuSoteNWMtyA6ilNaXUWfy0LR81RIZhIvBp7GJXldUCfxOgSoI8guzH4Zo39DYSVT45J997VMS1FiCbwSLodqnGs%2FhvSRxV81B
2024-11-29,珠海户籍居民可一周去一次澳门,1021.5万阅读 | @珠海特区报,/l?e=da6a5wthvys%2B%2Bn9XSjsNe0skvSXd15ABZGJZRHXtWx3r8Km6r0LtGz0cnh9uWbcD7gj%2B1LZyhoGcjHfwGkLave3cxA0UST%2Fy8zUrmu78Oi3wLCfmJqZNMhQtkocd8%2FzTSf4z18yuJIwKeRrM0lfOdRx%2B1zwVhf4LB1osLhb9e9IKHprbqdphxJfcyRAI6%2FgOZrr2pW70IGQ%2F28orDhItYaYwkU7ioHm4OSyk3k3Bs%2Bw5Hc%2FPOwvdOfqqNBYueKDROA81ncFduqHYdoliQqAnHBHPaBQkti7PX7LvCXu1jBNJmnKHLXq15yiB6iY1yx5EudwLFsWGWtbHsXSIkQYdvXqbb5%2BoGPa7hl7S0B6mBSEcZFzRlra4wP91hEPV%2FkrlcwJJK5l%2FSBYN39Snlbg17yGWBVeP
2024-11-29,蓝天救援队辟谣外卖小哥海上送外卖,,/l?e=0a833iK7Z%2B5mwbDVqlc%2FwWIbpPL0uronc4TpRTByr1BLmXfU5xxBe5jvuDIADBWP9%2B%2BcfuQCVdsjMvKpMRBWJTv%2FpjmRabnJUCQ4LZ6guUl4AalCW4pO%2B79iuacUvMvxRj1aNy457xMTpVLyxVjmIFV2KL88TgaojeG7AjgnFHSyvbfk31p6cnamSdohXMejkUYXe%2BMM9dAck0gYwzJlkn%2F4ui%2BsINZX3uSZDnxz%2BMLTBQG7n4zxNWFg9L4faigo36x%2Bf3EKcXE6PgMxROG1bBWyyWswUE4y2rgI5TGg%2FowYISfq6SIdMSFJc%2BQIwlmoED99E4lQ%2F8WlD9QsyRu87lvLi9oeXsr5CVOObh3LdYLG6jAtzLvY%2BFy%2BaoI3nnXDMt74nbpJ%2BnQBeCdx4inDnFnWXNmdhLifUSxMTmWq%2FNNf0gpNYCR9pIGn8hMOnjwBkJ4y
2024-11-29,卫兰她整晚在写信,综艺 136195,/l?e=924bYnxzVftPzLveKDeWZar2%2Ba287ThLjKMeJPel3eIgEZuxW1%2BV%2BCt0A5LA6uNWeM1W0iGlZQYL9L61F%2BUhNGRCXcPz7EqkkTsN6nza8TDNoD2F9T6QUfO7ZfJJ4yR5mFDYaBVwHT0j9%2Fskc3zGGfi6l88OTNPyjJq3Ea0P98LiTyOhnG5l7H8HT5eWSxru6Sopmd7yJE6nGnnYgwxCxUnRGZZETOnTWwxwzPj5GAP2uZGK4rdy4NrfC79WUMmYu4GuAvhgf8%2FN05wkJ37XqwEnnyOi2KJdqFz0
2024-11-29,鹿晗好拽,37.6万,/l?e=c5fcwoSdSqdysRD1opqEiupWbVydrUfmWgMHSLkg2Da4T1A2BMVBmACt2J5iOfhyBlDa0byniZ7CgGhd01hOuIj1l%2F3JLC59J7%2BDOjBfME5sdGkZD0IQTDe9%2Fm%2BiboZ58IrpNHFdQJ4pBuvljz9kF9JaDj%2FrK2fAKmar2AlxqdEv2yzEHXifHDqk6aMJuDiW8k%2Bf%2FacWwyvZS5t6X%2B3n
2024-11-29,108是法考生的幸运数,16.0万,/l?e=16d2cZR0vxhh74Zoa10xi2k%2FvH4DpEBJF0Mj%2FqOxp3txV46%2BeB5bTxsGwOWN%2BhOoZ3MudxsT1KbjFv2gOKDbV3uxC%2FjgwD9hf5U%2FhCIGGfrI4uzJxv8Hv0OG6QaKNuMxNliDRvKHRGHFv8fwhRAPuTyJErfStar%2Bjg7a8ttUHhB%2BXvWbJD97UdbVK6GNmOaj38hAATvNakxXjT5FkAW0afei2l9ThBzm%2BQGgFK19cdTz1R1cRJKf2ZlPR9Jw%2FBws5WsqmC322MDNbpteKdc66kXdL7iirbwkwwuiX%2FY5
2024-11-29,NewJeans解约发布会后首现身,16.5万,/l?e=a252VePQVO7xViha3Hov49c%2BzMlCj%2BvKL%2FMdMOM9dURSmNCOijZCSSX%2FtiSR0DaTYIFo3HQ%2FIcpNSig3NCyiE3kja4PzhMMQ7Fwj5Saik%2BnUpPgk%2B3a65rrNRpZ07qt1hZIT6KMoLsclD%2FpyO%2BVz4%2Bn9YhqAjB95%2BKrp3Xo%2FDWltxTkW%2BUmzehz5%2BmyNuBDNU7kdcULME0ZwrJwkVJxG3OVwG0CqW63qo5F%2B1EHVe02xfOSAkxMGrlqHE6WdcesY64HfHPn8NQ04DmuN4qzOIiagAl7gxmNtXokgQgWAU2%2FGCgHX5re%2FoRX1HDxq6mT6I3E
2024-11-29,唐嫣COSMO文艺女主大片,16.5万,/l?e=3b57NRdufEjHFfcqQ2ocug2%2BiUP88S3E%2Br2xBMiLuYsOtSHFZ5k2Nr8hcbk5HJQqyrIf7uTvOCS%2FHuD%2B8JNJDizfYwHn4bM2HYieIS0ruIkvkeJ%2F3WwIewNMqd08eO2jgybTGFbYOR%2FEpocMiLmSBlcu5KoSTWWNEoAH0lAKpxdTnQOKjIaK6N2L6HeYX5DXl4BGcfrgE2sySqssebtItwvNc7beZIoAOonYbC7qSZa%2FgWNFYBoY7WZ5NrZIS09qzgXVFiTKKOxoxrTFoLJlN%2BqAtyLK7rWcmXJ7LAbsbt0
2024-11-29,何洁时隔十年再唱rap,综艺 181138,/l?e=add4AbLkgz8aiS4gZE4tnNmyOKn5Gar5egWAPrjxEDVKMwIgiAqijkd1nCAxvTclECJE8ut1DBSXPbvX4VN3tBacKz4%2F%2BcQC2xffZtmcl%2FNI64Yz2LjMmxha5ab9M6cW%2Bn%2FUGI9E%2Fh22XzOBZJrD0xgmD%2FEYW5oEF6615Y7yVUbeRYZ3AkzEFRjyd1rKz5crIfhalFfQGrp8EkCTg1fpphpdFmklzI5BhZd1y5b%2BWyz7j9lTZoLR8leG4FHxHjF2K4UEU9lgN2sBbd%2FY3gCtXOhzQsO0tol36B%2B0KbwF
2024-11-29,古巨基cue宋亚轩,19.6万,/l?e=7839RdCOZ2b8e66zEvQmrGOcsB4O8MZIpRfQngEVSKW760h8bsw81OI29hyn0A2SJn75Wh0PnI85mE4phXuJgrm0ehD2r%2B%2FEqtZpLcDHzFDGXHo146n8%2FwlYswjdI7Cj4eQUdgZkTdgJWlTL%2BjNGpBHa5hII4mTpe1LAMPdXkv0yAiReC%2B%2B%2ByatcYgeAnmP%2FCPi5NeNRiInXF3iWejg4vulAV25uDmsr6gBkxx4WQb%2BAqNBrxsihFI0reevcRZZp
2024-11-29,WBG官宣Crisp离队,12.6万,/l?e=f007liISVhONReBqYsYYv9aWm17N2uYhkNNB8mSvoG1XiIjCHzJdtouXiNB%2FnRQZ7XcBRj25Q2ZLb2GhKvFt1FMSLB25qlwaYhMmbNSZwZIl5jEvjZIUpUDc4s%2FubosJlQre3boriy4V%2FKtYbrKks9gUvkmONTCTEqlLShwx7ARbXL50virhVH4sKzurOAC0ymLKxdjGV0Ln%2BlbydfwJPpvYSPWK1O0
2024-11-29,11点05分是郑思维进国家队时间,14.3万,/l?e=36cbLj4TFTOygz4gmrZrPd98EKc8uDUFBYoxMe9NWCPrEnbCQUhvn0ZHxCGPhPMblRP3%2BTm88dD9ag7O2%2BYHJTqWwuDsCsfhzsNtsvqF6hnvHMGZQxLri4kFB%2B2vG3mln0AzBYkKfZYzARabu1ZkGQJAY%2BHEnbrbYqqrgPe1eXdjm74Dc3eF6%2BrZYMh4GpKELzdWTueJjkO7hqhj1AX2wci2s1TiF73CMEpIfQs8VwasTmnXZorizT3x%2B%2BXfOpZy0uM4hl4psFn6R%2BuPEHYGF%2FYIxUC83VWyf9mgTDn4qVDGxeAXCyU3g5toy%2F1WdXbIwulnVu0cEAjsysy0acATYWU4pqLM%2F0TkR2AsS6oTd%2BmHJAqUCg%2B8qCIAeg
2024-11-29,黄雅琼回应郑思维退出国际赛场,30.2万,/l?e=fea6i68urUy2YUuumoFy2XOKFkgUouljAy04sfSRO2QcmFGqh1AO9Ua4Koh9Nt3aq3axNzeUQW5DOaaLNOoFy63fyqbTvgMlRv5mlr84sE6TMtoJgKhwTZHykd%2BhsRlMVjyfW8Sh7bskDcvroVPzkFgXGfQzkgiBpIUvS71UUYQNcN1hsRhvS6AZ4yI2Ei93VbWX5PKfPCjhu%2BpoWL0sBBJ3fmu9X49WJ4Kvh3MhPT1hWVzMob1ANptG0UcGFavgRNtP4QTihY7IdQObTY249S7oGGX4q5mw9xGyTZPBZiF46Z6E4TiPkt68U9739Zs283z2m7pGencSPSCGFZrbV3N8btJViyWiDAg5Uu5PeeiE%2Bb31LS9v5jsTOUJ7dHBvOYPLeZs0qem2vRAHvA9pgan%2BWQIU
2024-11-29,中国奥委会祝郑思维一切顺利,15.6万,/l?e=be1f7ljtKXW0MlsL7k%2BUF%2B9mif4aGb8oRsW2T4Sve6Fj8sGgU1gGIlfYrSYSGiKNd00i0Enk2Yd2lollGEg2QfpYJFbMtbpdV8t%2B%2BgXQD249nTmtGSWFL4l%2BiP%2FnkZI8iMIX71GSh0b%2Bs55TxujqkL3%2B11UQ%2BhNuQHG9ZmqOwChdWam07z2XncilqlaZCUAShNWA8hqGP1Uczldh4pvdc8ljWy6icW%2FCrQOVrVAOjIpYSfPnrwj2g0wdX4RlOVDYAfBg92bvD%2BZkKFYCFpQGtDtuIqHROOTlhIFa9TKKl4FDEK36VO4R6MNuZYrFk4jO0wfUQX%2BP1U9UsHux20AuJhdH3UkXsafyxGKKHpI7C9P1Gn6fJgPge2bwTYfPaMZE4gIHfZo5
2024-11-29,陈少熙预言家,11.1万,/l?e=b991eBoV5%2FYadRzsKUsI3PVwzbKSZMpEutetQkYzxvehoTuqQNBrFyOyZgtMvgrPLBwi0KjY1m1IX7R8zwbhDpVq%2BZSlivfK9eVrP04pnuzsRhP8fKPWEJsnNm5MQxb5Wj%2BhLqqI%2FYPQ3vxYd8Yaf7YC3xkPqYA6jr%2FMlFbTL%2Btxxa1qF2BBkYI2OXI7Jyv%2FbBlKwpPhxtYx78k0bsHsV8X9Qsw12NmcAdUmKiRhwnB1RBynNvBkNLatWspR
2024-11-29,羽绒行业人士谈生产内幕,1315.1万阅读 | @九派新闻,/l?e=e2a7Arrm%2BQE4%2BRQdGAgTen8a5tWmYjMtRsDdzxGGvjPX1FPTkINpbWwIG5IPpSrOdSQ6NeNnFYKf7k10RGaBdDjtUVBuWpP%2BPmQGNkvtTqBYLxyPz7046IoU%2B0ry2JCjFk%2FLR7ppUhpBrYwH9pzFLtpgQ%2BdTwj6p1pb9JZVaSJiIHldEUx0dn8QKkQAfJVoBYCV%2Fq46EkHwXSB9fsvvCJe56v02dC7FUUvPib%2FpiOYvqXA5EyxLf3JBeDlWCc95jmwSEKkYOdPBHx9uW8uUWXXPFjAtDIbYMnNcx%2BIKNiNq1pgeBr3TmNexIs7CQ5davgFkoSjD21lLvkEsh91JD7Gyc50I7qTuQ
2024-11-29,官方通报学校食堂吃出青虫蜗牛,511.9万阅读 | @新京报,/l?e=9579BfNmYai6cex%2BnKctxAAxNtV27pChFDt6mQA67Nf6%2BUlkmaUC1mqroaTfIcHPSfdhe1B%2BzrEu4MgawNh8oL%2BWsVdvmQMpghcOkL7yRWl%2Bpc%2BBRXpn9vlNPktVZl%2Bjii4HKJvi95SAd5xDS3UhMU5TbULEXf%2BAuZ9UouqAOo5H4ZfJfRosIcF621Q7kZc8O9dIB5SVBI9BzJGUMIJbGXLJo2c5qOWtF1FDRjx9T6I4ymK3ow4WduJip8n%2BEiEzMgNZoLOpAeCuJ4uS8edV2GMrkQEDp4r8g4i4cuOW0618QnOSeGEvX4wyEKbHhQMHkawHcm7Xxff76pVEkkwvtfSeIa11QF2bV%2B3Bt4UeZu97BKkysa6p33PchhfRIY7CAO9qd%2FGb0xiITVEvtq9nWjIGSF9j
2024-11-29,婚内婚外老婆情人饭局修罗场,剧集 116034,/l?e=9fe3b17b7JnOKpgVdGGoaXwsLs%2FjyJ7ZMWD3jPHyEhsy3zUsuDuGUnTEMNA8cWQwhvGdIT%2Bty%2FU%2BdRw1o623chTJButDsCRRcIohxLHbOmMfoUbU6w2Ib%2BQljb871bB10gCzezaWqpaOQhn9zAVd7zsWL7O36hKrBGKMCGXKy4Axe09qM0QDWXDstRfX6niwFcDMWAiaiXT6E2Z8SpvjZqT1RIX6UyXSIRx2arJzO0pS8VuKl%2Fbol%2FDnYicj5yYdfPy8BA%2BXO3kSS1LgpCAAmioSm5sU97lKNNkEKLujSnFSLbfroLNTFTj1evXeBJrlHqYP69XzS2Zb6Wc6JMk9E9tgEaOPM4dFef7tdTugTF4BC%2BBdu40OEOFBxfvdSQrRyYHb%2FQHh
2024-11-29,Puff和Langx和解,22.8万,/l?e=ab518fMPDN7%2FmqNSHjNtL5zWQtMu%2F%2FDEde6Nigjy%2FfWDlER%2Fg0ybkPs5nab3bsEBAJ8DgzwOMXKdgGLMwGVkR41mOWFBNlnzTHY%2FbtLy7BfUFBegleSuX6bD3i9FbzfhsZ%2FGswfM9NHF8bx0y869Tz%2B3Fb3zzaD1FAIcuf8mGF6wmeg5KelT5t7rWEtj7P84JgqUBXSC5F8i
2024-11-29,国乒备战2024成都混团世界杯,12.8万,/l?e=dbf1JtydXX70FWeJ34ZqQkvs36AFMeXUoi%2FleSZvyUtdGHTptwB%2F9Pd%2B4G6S%2FcLAP0bfbd3aVX6t3nXIX04oFyQD9jtvx5WyilmEg8U1tXto2W4Hn9AwEbhfnYyYFXDwX7Ku1eJhh6mAOkl0IieU%2F0KrLGfRX3xMHqDwX8agXHiw3iPzsiyv3gQABuzyLeOR4zIPaNxpoD0v3HLqKfLT6IcuqHW%2FGd%2BoQuEAqUP1TE%2B7FoNbBz9VbWm1PsIFHoA0ln0mnBd%2B73GbyDTLIUjPhXsXLb05%2BneNemiCk5Y6cFCsK62THx6xpIjA%2B%2F1ZWE3fLXNky0hiouzhyQUpClcSlrol4ffcGpWTX2bH0A
2024-11-29,苏新皓我记得那天阳光很好,22.6万,/l?e=d8bbN6Xj4dLXxO3LBJeo3nQFaiF%2B5aq1K6grzUsXndLGwrizrWzLhyXsVdRKEemffDzmKUU%2FmxMdHYLZRnvQt0RZnlqqa0EIIy%2BR16%2FSV%2BHyt%2BJeN3eowKwad6LYO%2BEhKcBG9h%2BPoHGt%2BJ9tMOQTBH8TFnDnk4j6dUOHpO6dPCeIu52DS7g9lQdREs8WYJ4%2Bpgz8rz4FV9DsUqvMFxt9KU1PZTikZJ4osIxVWXKt3B6Wtk%2F1rmMs6kgAMoKN3RoIP%2BIyxjvGhRW42EBRSnJMHOKtjEPCl2mriztt2ubkJ0KsWPF2IYTLtGBVOU7VgX%2FuECeil1E0jI5V6urThZ%2B0ULQB7tT5bUKkitBdD8uB0YKKrWXg48f4
2024-11-29,金泰亨单曲空降,音乐 168164,/l?e=a2c7ptWZ67aWsgSyHAkNkgAO6OA%2F%2F92TH1skO9qJ3xkC%2F%2BZq8t1dGAEblshpSYrcaaKAqUllqQGP6QmEqzfWBkblbTXmBIlq3msDotiSlU2okYnwnIXHrjEsUX6M0y%2FMnjfYP%2BbTj6m%2Bb%2Fg%2BCy4M%2B6%2FaEYoptb05WQMlwb3ceTHjuyD8PMM%2FXrlDx0yw1583tNVmix9O%2BHioOnWj46gchFKqyth6HQgEz8pRyQgdxT82C%2B8jAjADdG0prKa7zkYf729GysQEHvjKJIPQ
2024-11-29,唐嫣粉发未来造型,16.1万,/l?e=4f6e%2BR2x3qQYQIKvobanvixcr8rxjDge4%2BIbx6Qa48c4zzsGtS%2B3JgyKzTpI%2FmOReVPlISKrKcOoL3ljeo8YtpJcutCneDaiGvBmGV4oVnKVpuP230qgBzdLf4FyfIV2kU4xo9%2B1oLHHQmsq6FoEfBw6VFtSbWihhF%2F96AdxjU%2F5p3gJS4ZdUxjbrvG9ftHgkvCGDUl%2Bk5v9up3o990h5mBMGy8mmeVaZwGsZ5ANAOFOnSCUUM95dJaS9i7fmTrk5YNiJLhaYxnsKUc2raGBihYKndYKhB6LSCPL
2024-11-29,冯绍峰接想想放学回家,20.8万,/l?e=a01eRcURYUcTtU3iGws1fo80zHuX1ebzeFoVJdCcxQ8nE4drxWQR1znAA0LC%2FhhwjxYdSb5PWXGPW2cswZSdGE5bkIh2YBiwOYu5mldO58ZwUo%2B5uKdmdj0X18Tv7HMgb2EviJsc2ZVi4ck8wirlhUwytKxBt33OAYR2MMc%2Ft5TV5Vf5RykI0nYbYGvvJFb%2B5MY%2B8C5Uu42YlcsuWphhMchMLPqBTDNYXP6aae0KVjD3Q7a9C8%2FyTRrd6HeyhMCq8H%2BD9oqogv1XQ58TM5JqNej%2BybGnlSGL4ZHmMXCPlqKFqgcLmLfVpu%2FQLbgc9c%2FaEF9WT%2Bwn7lg8
2024-11-29,冲锋衣成顶流是靠什么征服年轻人,12.2万,/l?e=edefYWHz1lrBu5vim7YoI05irWukpTBbk4CkZcW10zGaPQY3jFQzEb0QLUv2o7PWE0ybiCA4JlBqCWigIk5be%2FZywoQNIIlWko16SMla8Od8OrmEH2WHfzxG%2B%2BHb0WxY5w5K6vcF3jwtwn1kd9w2EMa%2F4MMEgmxFR1sDq6SzjxsgMOtK7I0VPo%2B2qxOh%2BlreZneX5VQpB7R30E91laIifNlgx7gmN2D%2BykLVYBJDL3u9kdKQVwql0q7ShFbbGcUiNmyP7Z4BCDP0EH6c%2FBItjkLdh4JwjWg5dBCuX9lJH4nhbQYb9WHKMrlO0pHbjPcVUv9KCKhPfKKPaPkMsntLhLitt88spCEIsohXAjlJ%2FgAhC%2B1i4Aq1u39aotlWq%2Btzh4TLiXhJECpGn0NuchwLf1uxFyS09kxSEZT%2FtHxK2Js15lJn
